seat_position,occupant_role,seat_track_position,posture,seat_type,seat_performance,belt_availability,belt_use,belt_failure,belt_anchorage,observations,mean_anomaly_score_bits,maximum_anomaly_score_bits
FRONT LEFT SIDE,DRIVER,SEAT BETWEEN MIDDLE AND REAR,NOT COLLECTED/UNKNOWN,BUCKET,TRACK/ANCHOR FAILURE,LAP AND SHOULDER BELT,LAP AND SHOULDER,OTHER ANCHOR SEPARATION,FULL UP,1,25.247798198796534,25.247798198796534
FRONT RIGHT SIDE,PASSENGER,SEAT AT MIDDLE TRACK POSITION,LYING - SEAT BACK,BUCKET WITH FOLD BACK,NO FAILURE,LAP AND SHOULDER BELT,LAP AND SHOULDER,NOT USED/AVAILABLE,NO UPPER ANCHOR,1,24.38379424011577,24.38379424011577
FRONT RIGHT SIDE,PASSENGER,SEAT AT REAR MOST POSITION,NORMAL POSTURE,BUCKET,TRACK/ANCHOR FAILURE,LAP AND SHOULDER BELT,LAP AND SHOULDER,TORN WEBBING,POSITION UNKNOWN,1,24.260663364674727,24.260663364674727
FRONT LEFT SIDE,DRIVER,SEAT AT REAR MOST POSITION,NOT COLLECTED/UNKNOWN,BUCKET,UNKNOWN/UNMAPPED,LAP AND SHOULDER BELT,LAP AND SHOULDER,NOT COLLECTED/UNKNOWN,POSITION UNKNOWN,1,23.44926648520188,23.44926648520188
FRONT RIGHT SIDE,PASSENGER,SEAT BETWEEN FORWARD AND MIDDLE,NORMAL POSTURE,BUCKET,UNKNOWN/UNMAPPED,LAP AND SHOULDER BELT,LAP AND SHOULDER,TORN WEBBING,MID POSITION,1,22.651658163331124,22.651658163331124
FRONT LEFT SIDE,DRIVER,SEAT AT MIDDLE TRACK POSITION,NORMAL POSTURE,BUCKET,UNKNOWN/UNMAPPED,LAP AND SHOULDER BELT,LAP AND SHOULDER,OTHER FAILURE,MID POSITION,1,21.33628061706934,21.33628061706934
SECOND LEFT,PASSENGER,NOT ADJUSTABLE SEAT TRACK,OTHER ABNORMAL POSTURE,BENCH WITH SEPARATE BACK CUSHIONS,DEFORMED BY INTRUSION,LAP AND SHOULDER BELT,LAP AND SHOULDER WITH CHILD SEAT,BROKEN BUCKLE/LATCH,NO UPPER ANCHOR,1,21.25514846967676,21.25514846967676
FRONT LEFT SIDE,DRIVER,NOT COLLECTED/UNKNOWN,NOT COLLECTED/UNKNOWN,UNKNOWN/UNMAPPED,UNKNOWN/UNMAPPED,LAP AND SHOULDER BELT,LAP AND SHOULDER,NOT COLLECTED/UNKNOWN,POSITION UNKNOWN,1,21.11464722857435,21.11464722857435
FRONT RIGHT SIDE,PASSENGER,SEAT BETWEEN FORWARD AND MIDDLE,NOT COLLECTED/UNKNOWN,BUCKET,NO FAILURE,NONE AVAILABLE,NONE USED/AVAILABLE,NOT USED/AVAILABLE,NO SHOULDER BELT,1,20.69524056312628,20.69524056312628
FRONT LEFT SIDE,DRIVER,NOT COLLECTED/UNKNOWN,NOT COLLECTED/UNKNOWN,UNKNOWN/UNMAPPED,UNKNOWN/UNMAPPED,LAP AND SHOULDER BELT,LAP AND SHOULDER,NOT COLLECTED/UNKNOWN,NO UPPER ANCHOR,1,20.11464722857435,20.11464722857435
FRONT LEFT SIDE,DRIVER,SEAT BETWEEN MIDDLE AND REAR,NORMAL POSTURE,BUCKET,COMBINATION,LAP AND SHOULDER BELT,LAP AND SHOULDER,BROKEN BUCKLE/LATCH,FULL DOWN,1,20.08916409766132,20.08916409766132
FRONT LEFT SIDE,DRIVER,SEAT AT MIDDLE TRACK POSITION,OTHER ABNORMAL POSTURE,BUCKET WITH FOLD BACK,DEFORMED BY OTHER OCCUPANT,LAP AND SHOULDER BELT,NONE USED/AVAILABLE,NOT USED/AVAILABLE,NO UPPER ANCHOR,1,19.85643372246524,19.85643372246524
FRONT LEFT SIDE,DRIVER,SEAT AT REAR MOST POSITION,NORMAL POSTURE,BOX MOUNTED,NO FAILURE,LAP AND SHOULDER BELT,LAP AND SHOULDER,TORN WEBBING,MID POSITION,1,19.840247503769568,19.840247503769568
FRONT LEFT SIDE,DRIVER,SEAT AT REAR MOST POSITION,NORMAL POSTURE,BUCKET WITH FOLD BACK,DEFORMED BY CARGO,LAP AND SHOULDER BELT,NONE USED/AVAILABLE,NOT USED/AVAILABLE,POSITION UNKNOWN,1,19.71878467728129,19.71878467728129
FRONT LEFT SIDE,DRIVER,SEAT AT MIDDLE TRACK POSITION,NORMAL POSTURE,BUCKET,TRACK/ANCHOR FAILURE,LAP AND SHOULDER BELT,LAP AND SHOULDER,TORN WEBBING,FULL UP,1,19.61853700284065,19.61853700284065
FRONT LEFT SIDE,DRIVER,SEAT AT MIDDLE TRACK POSITION,NORMAL POSTURE,BUCKET,NO FAILURE,LAP AND SHOULDER BELT,NOT COLLECTED/UNKNOWN,NO FAILURE,MID POSITION,1,19.5826128061912,19.5826128061912
FRONT LEFT SIDE,DRIVER,SEAT AT REAR MOST POSITION,OTHER ABNORMAL POSTURE,BUCKET WITH FOLD BACK,DEFORMED BY OCCUPANT,LAP AND SHOULDER BELT,LAP AND SHOULDER,NO FAILURE,MID POSITION,1,19.43473135082337,19.43473135082337
FRONT RIGHT SIDE,PASSENGER,NOT COLLECTED/UNKNOWN,NOT COLLECTED/UNKNOWN,BUCKET,COMBINATION,LAP AND SHOULDER BELT,LAP AND SHOULDER,NO FAILURE,POSITION UNKNOWN,1,19.419445514652715,19.419445514652715
FRONT LEFT SIDE,DRIVER,SEAT AT REAR MOST POSITION,NOT COLLECTED/UNKNOWN,BENCH,DEFORMED BY INTRUSION,LAP AND SHOULDER BELT,LAP AND SHOULDER,NO FAILURE,FULL DOWN,1,19.37571566311928,19.37571566311928
FRONT LEFT SIDE,DRIVER,SEAT AT REAR MOST POSITION,OTHER ABNORMAL POSTURE,BOX MOUNTED,DEFORMED BY OCCUPANT,LAP AND SHOULDER BELT,LAP AND SHOULDER,NO FAILURE,NO UPPER ANCHOR,1,19.179318450315773,19.179318450315773
SECOND LEFT,PASSENGER,NOT ADJUSTABLE SEAT TRACK,OTHER ABNORMAL POSTURE,SPLIT BENCH WITH FOLD BACK,DEFORMED BY INTRUSION,LAP AND SHOULDER BELT,LAP WITH CHILD SEAT,OTHER FAILURE,NO UPPER ANCHOR,1,18.971248275979743,18.971248275979743
FRONT LEFT SIDE,DRIVER,SEAT BETWEEN FORWARD AND MIDDLE,BRACING WITH FEET,BUCKET,UNKNOWN/UNMAPPED,LAP AND SHOULDER BELT,LAP AND SHOULDER,NO FAILURE,NO UPPER ANCHOR,1,18.8924935203154,18.8924935203154
SECOND LEFT,PASSENGER,NOT ADJUSTABLE SEAT TRACK,NOT COLLECTED/UNKNOWN,BUCKET,DEFORMED BY INTRUSION,LAP AND SHOULDER BELT,LAP AND SHOULDER,NO FAILURE,NO UPPER ANCHOR,1,18.86248269503934,18.86248269503934
FRONT LEFT SIDE,DRIVER,SEAT BETWEEN MIDDLE AND REAR,OTHER ABNORMAL POSTURE,BUCKET WITH FOLD BACK,COMBINATION,LAP AND SHOULDER BELT,LAP AND SHOULDER,NO FAILURE,MID POSITION,1,18.822209989920477,18.822209989920477
FRONT LEFT SIDE,DRIVER,NOT COLLECTED/UNKNOWN,NOT COLLECTED/UNKNOWN,BUCKET,NO FAILURE,NONE AVAILABLE,NONE USED/AVAILABLE,NOT USED/AVAILABLE,NO SHOULDER BELT,1,18.813550041077026,18.813550041077026
FRONT LEFT SIDE,DRIVER,NOT COLLECTED/UNKNOWN,NOT COLLECTED/UNKNOWN,BUCKET,UNKNOWN/UNMAPPED,LAP AND SHOULDER BELT,NOT COLLECTED/UNKNOWN,NOT COLLECTED/UNKNOWN,NO UPPER ANCHOR,1,18.811321251755498,18.811321251755498
FRONT RIGHT SIDE,PASSENGER,SEAT AT REAR MOST POSITION,NOT COLLECTED/UNKNOWN,SPLIT BENCH WITH FOLD BACK,NO FAILURE,LAP AND SHOULDER BELT,NONE USED/AVAILABLE,NOT USED/AVAILABLE,POSITION UNKNOWN,1,18.77710117287211,18.77710117287211
FRONT LEFT SIDE,DRIVER,SEAT BETWEEN FORWARD AND MIDDLE,NOT COLLECTED/UNKNOWN,BUCKET,DEFORMED BY OTHER OCCUPANT,LAP AND SHOULDER BELT,NONE USED/AVAILABLE,NOT USED/AVAILABLE,MID POSITION,1,18.72253333711519,18.72253333711519
SECOND MIDDLE,PASSENGER,NOT ADJUSTABLE SEAT TRACK,OTHER ABNORMAL POSTURE,BENCH WITH FOLD BACK,DEFORMED BY INTRUSION,LAP BELT,NONE USED/AVAILABLE,NOT USED/AVAILABLE,NO SHOULDER BELT,1,18.64746589245552,18.64746589245552
FRONT LEFT SIDE,DRIVER,SEAT AT MIDDLE TRACK POSITION,NORMAL POSTURE,BUCKET,NO FAILURE,LAP AND SHOULDER BELT,LAP AND SHOULDER,BROKEN RETRACTOR,MID POSITION,1,18.508461592452026,18.508461592452026
FRONT MIDDLE,PASSENGER,SEAT AT MIDDLE TRACK POSITION,NORMAL POSTURE,BUCKET,NO FAILURE,LAP BELT,NONE USED/AVAILABLE,NOT USED/AVAILABLE,NO SHOULDER BELT,1,18.466172076934008,18.466172076934008
