vehicle_id,occupant_id,seat_location_id,seat_position,occupant_role,seat_track_position,posture,seat_type,seat_performance,belt_availability,belt_use,belt_failure,belt_anchorage,total_surprisal_bits,total_backoff_level,seat_position_surprisal_bits,occupant_role_surprisal_bits,seat_track_position_surprisal_bits,seat_type_surprisal_bits,posture_surprisal_bits,belt_use_surprisal_bits,belt_anchorage_surprisal_bits,belt_failure_surprisal_bits,belt_availability_surprisal_bits,seat_performance_surprisal_bits,anomaly_score_bits,anomaly_percentile,anomaly_tier,dominant_contributor,dominant_contribution_bits,dominant_contribution_percent,occupant_state_vector
852139685.0,852139686.0,851140084.0,FRONT LEFT SIDE,DRIVER,SEAT BETWEEN MIDDLE AND REAR,NOT COLLECTED/UNKNOWN,BUCKET,TRACK/ANCHOR FAILURE,LAP AND SHOULDER BELT,LAP AND SHOULDER,OTHER ANCHOR SEPARATION,FULL UP,25.247798198796538,0,0.672794206367598,-0.0,1.8171717804178111,0.2962999526953211,3.3648981338529205,0.34407966234536597,1.4241731740239048,11.122180901259753,-0.0,6.206200387833862,25.247798198796538,100.0,EXTREME,belt_failure,11.122180901259753,44.05208253680475,FRONT LEFT SIDE|DRIVER|SEAT BETWEEN MIDDLE AND REAR|NOT COLLECTED/UNKNOWN|BUCKET|TRACK/ANCHOR FAILURE|LAP AND SHOULDER BELT|LAP AND SHOULDER|OTHER ANCHOR SEPARATION|FULL UP
852122276.0,852122279.0,851122692.0,FRONT RIGHT SIDE,PASSENGER,SEAT AT MIDDLE TRACK POSITION,LYING - SEAT BACK,BUCKET WITH FOLD BACK,NO FAILURE,LAP AND SHOULDER BELT,LAP AND SHOULDER,NOT USED/AVAILABLE,NO UPPER ANCHOR,24.38379424011577,0,2.2509993409134457,-0.0,2.136604928242286,3.019899557437705,4.169925001442312,0.16992500144231243,0.6662626028230044,11.122180901259753,-0.0,0.84799690655495,24.38379424011577,99.967277486911,EXTREME,belt_failure,11.122180901259753,45.613003422419574,FRONT RIGHT SIDE|PASSENGER|SEAT AT MIDDLE TRACK POSITION|LYING - SEAT BACK|BUCKET WITH FOLD BACK|NO FAILURE|LAP AND SHOULDER BELT|LAP AND SHOULDER|NOT USED/AVAILABLE|NO UPPER ANCHOR
341206097.0,341206100.0,341212484.0,FRONT RIGHT SIDE,PASSENGER,SEAT AT REAR MOST POSITION,NORMAL POSTURE,BUCKET,TRACK/ANCHOR FAILURE,LAP AND SHOULDER BELT,LAP AND SHOULDER,TORN WEBBING,POSITION UNKNOWN,24.260663364674727,0,2.2509993409134457,-0.0,1.632942529622978,0.3715588626119629,0.3219280948873623,0.2885050933499121,4.410052065779252,7.662749282622455,-0.0,7.321928094887363,24.260663364674727,99.93455497382199,EXTREME,belt_failure,7.662749282622455,31.58507732224655,FRONT RIGHT SIDE|PASSENGER|SEAT AT REAR MOST POSITION|NORMAL POSTURE|BUCKET|TRACK/ANCHOR FAILURE|LAP AND SHOULDER BELT|LAP AND SHOULDER|TORN WEBBING|POSITION UNKNOWN
791635427.0,791635430.0,791641489.0,FRONT LEFT SIDE,DRIVER,SEAT AT REAR MOST POSITION,NOT COLLECTED/UNKNOWN,BUCKET,UNKNOWN/UNMAPPED,LAP AND SHOULDER BELT,LAP AND SHOULDER,NOT COLLECTED/UNKNOWN,POSITION UNKNOWN,23.449266485201882,0,0.672794206367598,-0.0,2.0250513720553673,0.3717886094140868,2.7529071380352277,0.394052474149508,4.410052065779252,8.122180901259753,-0.0,4.700439718141092,23.449266485201882,99.90183246073299,EXTREME,belt_failure,8.122180901259753,34.63724934161763,FRONT LEFT SIDE|DRIVER|SEAT AT REAR MOST POSITION|NOT COLLECTED/UNKNOWN|BUCKET|UNKNOWN/UNMAPPED|LAP AND SHOULDER BELT|LAP AND SHOULDER|NOT COLLECTED/UNKNOWN|POSITION UNKNOWN
337163974.0,337163977.0,337164020.0,FRONT RIGHT SIDE,PASSENGER,SEAT BETWEEN FORWARD AND MIDDLE,NORMAL POSTURE,BUCKET,UNKNOWN/UNMAPPED,LAP AND SHOULDER BELT,LAP AND SHOULDER,TORN WEBBING,MID POSITION,22.651658163331124,0,2.2509993409134457,-0.0,3.8028675310652904,0.27563444261342734,0.203533394085132,0.203533394085132,3.004413264502658,7.662749282622455,-0.0,5.247927513443585,22.651658163331124,99.86910994764398,EXTREME,belt_failure,7.662749282622455,33.828646129876,FRONT RIGHT SIDE|PASSENGER|SEAT BETWEEN FORWARD AND MIDDLE|NORMAL POSTURE|BUCKET|UNKNOWN/UNMAPPED|LAP AND SHOULDER BELT|LAP AND SHOULDER|TORN WEBBING|MID POSITION
897005965.0,897005967.0,897002596.0,FRONT LEFT SIDE,DRIVER,SEAT AT MIDDLE TRACK POSITION,NORMAL POSTURE,BUCKET,UNKNOWN/UNMAPPED,LAP AND SHOULDER BELT,LAP AND SHOULDER,OTHER FAILURE,MID POSITION,21.33628061706934,0,0.672794206367598,-0.0,2.1835354329609653,0.31595772557084123,0.20546911829997946,0.3336791005797198,3.004413264502658,10.122180901259753,-0.0,4.498250867527825,21.33628061706934,99.83638743455498,EXTREME,belt_failure,10.122180901259753,47.44116879097409,FRONT LEFT SIDE|DRIVER|SEAT AT MIDDLE TRACK POSITION|NORMAL POSTURE|BUCKET|UNKNOWN/UNMAPPED|LAP AND SHOULDER BELT|LAP AND SHOULDER|OTHER FAILURE|MID POSITION
599000079.0,599002545.0,599002501.0,SECOND LEFT,PASSENGER,NOT ADJUSTABLE SEAT TRACK,OTHER ABNORMAL POSTURE,BENCH WITH SEPARATE BACK CUSHIONS,DEFORMED BY INTRUSION,LAP AND SHOULDER BELT,LAP AND SHOULDER WITH CHILD SEAT,BROKEN BUCKLE/LATCH,NO UPPER ANCHOR,21.255148469676758,0,4.085575731706074,-0.0,0.0909736600474904,4.815916935561028,1.5849625007211563,2.584962500721156,-0.0,6.507794640198696,-0.0,1.5849625007211563,21.255148469676758,99.80366492146598,EXTREME,belt_failure,6.507794640198696,30.61749791812988,SECOND LEFT|PASSENGER|NOT ADJUSTABLE SEAT TRACK|OTHER ABNORMAL POSTURE|BENCH WITH SEPARATE BACK CUSHIONS|DEFORMED BY INTRUSION|LAP AND SHOULDER BELT|LAP AND SHOULDER WITH CHILD SEAT|BROKEN BUCKLE/LATCH|NO UPPER ANCHOR
897003302.0,897000825.0,8853.0,FRONT LEFT SIDE,DRIVER,NOT COLLECTED/UNKNOWN,NOT COLLECTED/UNKNOWN,UNKNOWN/UNMAPPED,UNKNOWN/UNMAPPED,LAP AND SHOULDER BELT,LAP AND SHOULDER,NOT COLLECTED/UNKNOWN,POSITION UNKNOWN,21.11464722857435,0,0.672794206367598,-0.0,5.176714167104952,1.3356030317844387,-0.0,2.807354922057604,3.0,8.122180901259753,-0.0,-0.0,21.11464722857435,99.77094240837697,EXTREME,belt_failure,8.122180901259753,38.46704523799974,FRONT LEFT SIDE|DRIVER|NOT COLLECTED/UNKNOWN|NOT COLLECTED/UNKNOWN|UNKNOWN/UNMAPPED|UNKNOWN/UNMAPPED|LAP AND SHOULDER BELT|LAP AND SHOULDER|NOT COLLECTED/UNKNOWN|POSITION UNKNOWN
554157448.0,701157876.0,701157921.0,FRONT RIGHT SIDE,PASSENGER,SEAT BETWEEN FORWARD AND MIDDLE,NOT COLLECTED/UNKNOWN,BUCKET,NO FAILURE,NONE AVAILABLE,NONE USED/AVAILABLE,NOT USED/AVAILABLE,NO SHOULDER BELT,20.695240563126276,0,2.2509993409134457,-0.0,3.8028675310652904,0.27563444261342734,3.2479275134435857,2.925999418556223,6.040746342343309,-0.0,1.3625700793847082,0.7884958948062882,20.695240563126276,99.73821989528795,EXTREME,belt_anchorage,6.040746342343309,29.189060759730438,FRONT RIGHT SIDE|PASSENGER|SEAT BETWEEN FORWARD AND MIDDLE|NOT COLLECTED/UNKNOWN|BUCKET|NO FAILURE|NONE AVAILABLE|NONE USED/AVAILABLE|NOT USED/AVAILABLE|NO SHOULDER BELT
385084440.0,385084443.0,385084909.0,FRONT LEFT SIDE,DRIVER,NOT COLLECTED/UNKNOWN,NOT COLLECTED/UNKNOWN,UNKNOWN/UNMAPPED,UNKNOWN/UNMAPPED,LAP AND SHOULDER BELT,LAP AND SHOULDER,NOT COLLECTED/UNKNOWN,NO UPPER ANCHOR,20.11464722857435,0,0.672794206367598,-0.0,5.176714167104952,1.3356030317844387,-0.0,2.807354922057604,2.0,8.122180901259753,-0.0,-0.0,20.11464722857435,99.70549738219894,EXTREME,belt_failure,8.122180901259753,40.37943499064499,FRONT LEFT SIDE|DRIVER|NOT COLLECTED/UNKNOWN|NOT COLLECTED/UNKNOWN|UNKNOWN/UNMAPPED|UNKNOWN/UNMAPPED|LAP AND SHOULDER BELT|LAP AND SHOULDER|NOT COLLECTED/UNKNOWN|NO UPPER ANCHOR
897010890.0,897010891.0,897001904.0,FRONT LEFT SIDE,DRIVER,SEAT BETWEEN MIDDLE AND REAR,NORMAL POSTURE,BUCKET,COMBINATION,LAP AND SHOULDER BELT,LAP AND SHOULDER,BROKEN BUCKLE/LATCH,FULL DOWN,20.089164097661317,0,0.672794206367598,-0.0,1.8171717804178111,0.2962999526953211,0.21373406051926952,0.34407966234536597,1.532180363642271,10.122180901259753,-0.0,5.090723170413926,20.089164097661317,99.67277486910994,EXTREME,belt_failure,10.122180901259753,50.386272181619184,FRONT LEFT SIDE|DRIVER|SEAT BETWEEN MIDDLE AND REAR|NORMAL POSTURE|BUCKET|COMBINATION|LAP AND SHOULDER BELT|LAP AND SHOULDER|BROKEN BUCKLE/LATCH|FULL DOWN
897010897.0,897010898.0,897003073.0,FRONT LEFT SIDE,DRIVER,SEAT AT MIDDLE TRACK POSITION,OTHER ABNORMAL POSTURE,BUCKET WITH FOLD BACK,DEFORMED BY OTHER OCCUPANT,LAP AND SHOULDER BELT,NONE USED/AVAILABLE,NOT USED/AVAILABLE,NO UPPER ANCHOR,19.85643372246524,0,0.672794206367598,-0.0,2.1835354329609653,3.3635471840891014,5.357552004618084,2.357552004618084,0.5639008851933265,-0.0,-0.0,5.357552004618084,19.85643372246524,99.64005235602095,EXTREME,posture,5.357552004618084,26.98144127742656,FRONT LEFT SIDE|DRIVER|SEAT AT MIDDLE TRACK POSITION|OTHER ABNORMAL POSTURE|BUCKET WITH FOLD BACK|DEFORMED BY OTHER OCCUPANT|LAP AND SHOULDER BELT|NONE USED/AVAILABLE|NOT USED/AVAILABLE|NO UPPER ANCHOR
349212241.0,349212244.0,349212473.0,FRONT LEFT SIDE,DRIVER,SEAT AT REAR MOST POSITION,NORMAL POSTURE,BOX MOUNTED,NO FAILURE,LAP AND SHOULDER BELT,LAP AND SHOULDER,TORN WEBBING,MID POSITION,19.840247503769568,0,0.672794206367598,-0.0,2.0250513720553673,5.294620748891627,0.5849625007211563,0.4150374992788438,1.921997487998727,7.662749282622455,-0.0,1.2630344058337937,19.840247503769568,99.60732984293193,EXTREME,belt_failure,7.662749282622455,38.62224642694888,FRONT LEFT SIDE|DRIVER|SEAT AT REAR MOST POSITION|NORMAL POSTURE|BOX MOUNTED|NO FAILURE|LAP AND SHOULDER BELT|LAP AND SHOULDER|TORN WEBBING|MID POSITION
349190040.0,349190042.0,349190150.0,FRONT LEFT SIDE,DRIVER,SEAT AT REAR MOST POSITION,NORMAL POSTURE,BUCKET WITH FOLD BACK,DEFORMED BY CARGO,LAP AND SHOULDER BELT,NONE USED/AVAILABLE,NOT USED/AVAILABLE,POSITION UNKNOWN,19.71878467728129,0,0.672794206367598,-0.0,2.0250513720553673,2.972692654004265,0.23446525363702297,1.8194277543581792,6.087462841250339,-0.0,-0.0,5.906890595608519,19.71878467728129,99.57460732984293,EXTREME,belt_anchorage,6.087462841250339,30.871389595647447,FRONT LEFT SIDE|DRIVER|SEAT AT REAR MOST POSITION|NORMAL POSTURE|BUCKET WITH FOLD BACK|DEFORMED BY CARGO|LAP AND SHOULDER BELT|NONE USED/AVAILABLE|NOT USED/AVAILABLE|POSITION UNKNOWN
341206121.0,341206123.0,341210933.0,FRONT LEFT SIDE,DRIVER,SEAT AT MIDDLE TRACK POSITION,NORMAL POSTURE,BUCKET,TRACK/ANCHOR FAILURE,LAP AND SHOULDER BELT,LAP AND SHOULDER,TORN WEBBING,FULL UP,19.61853700284065,0,0.672794206367598,-0.0,2.1835354329609653,0.31595772557084123,0.20546911829997946,0.3336791005797198,1.4241731740239048,7.662749282622455,-0.0,6.820178962415188,19.61853700284065,99.54188481675392,EXTREME,belt_failure,7.662749282622455,39.0587192180178,FRONT LEFT SIDE|DRIVER|SEAT AT MIDDLE TRACK POSITION|NORMAL POSTURE|BUCKET|TRACK/ANCHOR FAILURE|LAP AND SHOULDER BELT|LAP AND SHOULDER|TORN WEBBING|FULL UP
328084345.0,328084347.0,347084609.0,FRONT LEFT SIDE,DRIVER,SEAT AT MIDDLE TRACK POSITION,NORMAL POSTURE,BUCKET,NO FAILURE,LAP AND SHOULDER BELT,NOT COLLECTED/UNKNOWN,NO FAILURE,MID POSITION,19.5826128061912,0,0.672794206367598,-0.0,2.1835354329609653,0.31595772557084123,0.20546911829997946,6.820178962415188,3.321928094887362,5.392317422778761,-0.0,0.6704318429105057,19.5826128061912,99.50916230366492,EXTREME,belt_use,6.820178962415188,34.82772717774889,FRONT LEFT SIDE|DRIVER|SEAT AT MIDDLE TRACK POSITION|NORMAL POSTURE|BUCKET|NO FAILURE|LAP AND SHOULDER BELT|NOT COLLECTED/UNKNOWN|NO FAILURE|MID POSITION
359565546.0,359565547.0,362591112.0,FRONT LEFT SIDE,DRIVER,SEAT AT REAR MOST POSITION,OTHER ABNORMAL POSTURE,BUCKET WITH FOLD BACK,DEFORMED BY OCCUPANT,LAP AND SHOULDER BELT,LAP AND SHOULDER,NO FAILURE,MID POSITION,19.43473135082337,0,0.672794206367598,-0.0,2.0250513720553673,2.972692654004265,5.906890595608519,0.4806258409064206,4.452858964713811,0.016927121558869277,-0.0,2.9068905956085187,19.43473135082337,99.47643979057592,EXTREME,posture,5.906890595608519,30.39347696132814,FRONT LEFT SIDE|DRIVER|SEAT AT REAR MOST POSITION|OTHER ABNORMAL POSTURE|BUCKET WITH FOLD BACK|DEFORMED BY OCCUPANT|LAP AND SHOULDER BELT|LAP AND SHOULDER|NO FAILURE|MID POSITION
360244815.0,360244817.0,362245133.0,FRONT RIGHT SIDE,PASSENGER,NOT COLLECTED/UNKNOWN,NOT COLLECTED/UNKNOWN,BUCKET,COMBINATION,LAP AND SHOULDER BELT,LAP AND SHOULDER,NO FAILURE,POSITION UNKNOWN,19.419445514652715,0,2.2509993409134457,-0.0,5.625989768981211,0.7004397181410921,3.0,0.4150374992788438,4.410052065779252,0.016927121558869277,-0.0,3.0,19.419445514652715,99.44371727748691,EXTREME,seat_track_position,5.625989768981211,28.970908385289302,FRONT RIGHT SIDE|PASSENGER|NOT COLLECTED/UNKNOWN|NOT COLLECTED/UNKNOWN|BUCKET|COMBINATION|LAP AND SHOULDER BELT|LAP AND SHOULDER|NO FAILURE|POSITION UNKNOWN
651000330.0,651000331.0,651000480.0,FRONT LEFT SIDE,DRIVER,SEAT AT REAR MOST POSITION,NOT COLLECTED/UNKNOWN,BENCH,DEFORMED BY INTRUSION,LAP AND SHOULDER BELT,LAP AND SHOULDER,NO FAILURE,FULL DOWN,19.375715663119276,0,0.672794206367598,-0.0,2.0250513720553673,7.879583249612783,1.0,1.0,5.78135971352466,0.016927121558869277,-0.0,1.0,19.375715663119276,99.41099476439791,EXTREME,seat_type,7.879583249612783,40.66731462524083,FRONT LEFT SIDE|DRIVER|SEAT AT REAR MOST POSITION|NOT COLLECTED/UNKNOWN|BENCH|DEFORMED BY INTRUSION|LAP AND SHOULDER BELT|LAP AND SHOULDER|NO FAILURE|FULL DOWN
556148125.0,556148127.0,556149617.0,FRONT LEFT SIDE,DRIVER,SEAT AT REAR MOST POSITION,OTHER ABNORMAL POSTURE,BOX MOUNTED,DEFORMED BY OCCUPANT,LAP AND SHOULDER BELT,LAP AND SHOULDER,NO FAILURE,NO UPPER ANCHOR,19.179318450315773,0,0.672794206367598,-0.0,2.0250513720553673,5.294620748891627,3.584962500721156,0.4150374992788438,5.169925001442312,0.016927121558869277,-0.0,2.0,19.179318450315773,99.3782722513089,EXTREME,seat_type,5.294620748891627,27.605885801455344,FRONT LEFT SIDE|DRIVER|SEAT AT REAR MOST POSITION|OTHER ABNORMAL POSTURE|BOX MOUNTED|DEFORMED BY OCCUPANT|LAP AND SHOULDER BELT|LAP AND SHOULDER|NO FAILURE|NO UPPER ANCHOR
325115282.0,325115287.0,325118919.0,SECOND LEFT,PASSENGER,NOT ADJUSTABLE SEAT TRACK,OTHER ABNORMAL POSTURE,SPLIT BENCH WITH FOLD BACK,DEFORMED BY INTRUSION,LAP AND SHOULDER BELT,LAP WITH CHILD SEAT,OTHER FAILURE,NO UPPER ANCHOR,18.971248275979743,0,4.085575731706074,-0.0,0.0909736600474904,2.446683125895309,1.632268215499513,4.954196310386875,-0.0,2.807354922057604,-0.0,2.9541963103868754,18.971248275979743,99.3455497382199,EXTREME,belt_use,4.954196310386875,26.11423475312155,SECOND LEFT|PASSENGER|NOT ADJUSTABLE SEAT TRACK|OTHER ABNORMAL POSTURE|SPLIT BENCH WITH FOLD BACK|DEFORMED BY INTRUSION|LAP AND SHOULDER BELT|LAP WITH CHILD SEAT|OTHER FAILURE|NO UPPER ANCHOR
627081207.0,627081209.0,627081234.0,FRONT LEFT SIDE,DRIVER,SEAT BETWEEN FORWARD AND MIDDLE,BRACING WITH FEET,BUCKET,UNKNOWN/UNMAPPED,LAP AND SHOULDER BELT,LAP AND SHOULDER,NO FAILURE,NO UPPER ANCHOR,18.892493520315398,0,0.672794206367598,-0.0,2.6425397762979714,0.24528655768362542,7.016808287686554,0.2420212280853805,3.209233056391156,0.016927121558869277,-0.0,4.846883286244242,18.892493520315398,99.31282722513089,EXTREME,posture,7.016808287686554,37.14072089076685,FRONT LEFT SIDE|DRIVER|SEAT BETWEEN FORWARD AND MIDDLE|BRACING WITH FEET|BUCKET|UNKNOWN/UNMAPPED|LAP AND SHOULDER BELT|LAP AND SHOULDER|NO FAILURE|NO UPPER ANCHOR
651121802.0,651121806.0,651003148.0,SECOND LEFT,PASSENGER,NOT ADJUSTABLE SEAT TRACK,NOT COLLECTED/UNKNOWN,BUCKET,DEFORMED BY INTRUSION,LAP AND SHOULDER BELT,LAP AND SHOULDER,NO FAILURE,NO UPPER ANCHOR,18.86248269503934,0,4.085575731706074,-0.0,0.0909736600474904,4.078951341394822,3.321928094887362,1.7369655941662063,3.209233056391156,0.016927121558869277,-0.0,2.321928094887362,18.86248269503934,99.28010471204189,EXTREME,seat_position,4.085575731706074,21.659798435656313,SECOND LEFT|PASSENGER|NOT ADJUSTABLE SEAT TRACK|NOT COLLECTED/UNKNOWN|BUCKET|DEFORMED BY INTRUSION|LAP AND SHOULDER BELT|LAP AND SHOULDER|NO FAILURE|NO UPPER ANCHOR
852193699.0,852193701.0,531194122.0,FRONT LEFT SIDE,DRIVER,SEAT BETWEEN MIDDLE AND REAR,OTHER ABNORMAL POSTURE,BUCKET WITH FOLD BACK,COMBINATION,LAP AND SHOULDER BELT,LAP AND SHOULDER,NO FAILURE,MID POSITION,18.822209989920474,0,0.672794206367598,-0.0,1.8171717804178111,3.415037499278844,4.672425341971495,0.42449782852791007,4.452858964713811,0.016927121558869277,-0.0,3.3504972470841334,18.822209989920474,99.24738219895288,EXTREME,posture,4.672425341971495,24.823999649741644,FRONT LEFT SIDE|DRIVER|SEAT BETWEEN MIDDLE AND REAR|OTHER ABNORMAL POSTURE|BUCKET WITH FOLD BACK|COMBINATION|LAP AND SHOULDER BELT|LAP AND SHOULDER|NO FAILURE|MID POSITION
561104968.0,561104970.0,561113714.0,FRONT LEFT SIDE,DRIVER,NOT COLLECTED/UNKNOWN,NOT COLLECTED/UNKNOWN,BUCKET,NO FAILURE,NONE AVAILABLE,NONE USED/AVAILABLE,NOT USED/AVAILABLE,NO SHOULDER BELT,18.813550041077022,0,0.672794206367598,-0.0,5.176714167104952,1.2043584985061861,1.9385994553358568,1.3536369546147005,6.040746342343309,-0.0,1.3625700793847082,1.0641303374197155,18.813550041077022,99.21465968586386,EXTREME,belt_anchorage,6.040746342343309,32.10848738889842,FRONT LEFT SIDE|DRIVER|NOT COLLECTED/UNKNOWN|NOT COLLECTED/UNKNOWN|BUCKET|NO FAILURE|NONE AVAILABLE|NONE USED/AVAILABLE|NOT USED/AVAILABLE|NO SHOULDER BELT
627084296.0,627084298.0,627084430.0,FRONT LEFT SIDE,DRIVER,NOT COLLECTED/UNKNOWN,NOT COLLECTED/UNKNOWN,BUCKET,UNKNOWN/UNMAPPED,LAP AND SHOULDER BELT,NOT COLLECTED/UNKNOWN,NOT COLLECTED/UNKNOWN,NO UPPER ANCHOR,18.811321251755498,0,0.672794206367598,-0.0,5.176714167104952,1.2043584985061861,1.9385994553358568,4.523561956057013,2.321928094887362,0.03476541816067664,-0.0,2.9385994553358565,18.811321251755498,99.18193717277487,EXTREME,seat_track_position,5.176714167104952,27.519141786076585,FRONT LEFT SIDE|DRIVER|NOT COLLECTED/UNKNOWN|NOT COLLECTED/UNKNOWN|BUCKET|UNKNOWN/UNMAPPED|LAP AND SHOULDER BELT|NOT COLLECTED/UNKNOWN|NOT COLLECTED/UNKNOWN|NO UPPER ANCHOR
897000798.0,134004841.0,134004867.0,FRONT RIGHT SIDE,PASSENGER,SEAT AT REAR MOST POSITION,NOT COLLECTED/UNKNOWN,SPLIT BENCH WITH FOLD BACK,NO FAILURE,LAP AND SHOULDER BELT,NONE USED/AVAILABLE,NOT USED/AVAILABLE,POSITION UNKNOWN,18.77710117287211,0,2.2509993409134457,-0.0,1.632942529622978,4.8861320354417215,1.8073549220576042,2.807354922057604,4.169925001442312,-0.0,-0.0,1.222392421336448,18.77710117287211,99.14921465968587,EXTREME,seat_type,4.8861320354417215,26.021759112108718,FRONT RIGHT SIDE|PASSENGER|SEAT AT REAR MOST POSITION|NOT COLLECTED/UNKNOWN|SPLIT BENCH WITH FOLD BACK|NO FAILURE|LAP AND SHOULDER BELT|NONE USED/AVAILABLE|NOT USED/AVAILABLE|POSITION UNKNOWN
344062928.0,344062929.0,344077207.0,FRONT LEFT SIDE,DRIVER,SEAT BETWEEN FORWARD AND MIDDLE,NOT COLLECTED/UNKNOWN,BUCKET,DEFORMED BY OTHER OCCUPANT,LAP AND SHOULDER BELT,NONE USED/AVAILABLE,NOT USED/AVAILABLE,MID POSITION,18.72253333711519,0,0.672794206367598,-0.0,2.6425397762979714,0.24528655768362542,3.4318457869653978,2.7314060688243056,2.9818526532897405,-0.0,-0.0,6.016808287686554,18.72253333711519,99.11649214659685,EXTREME,seat_performance,6.016808287686554,32.13672091991391,FRONT LEFT SIDE|DRIVER|SEAT BETWEEN FORWARD AND MIDDLE|NOT COLLECTED/UNKNOWN|BUCKET|DEFORMED BY OTHER OCCUPANT|LAP AND SHOULDER BELT|NONE USED/AVAILABLE|NOT USED/AVAILABLE|MID POSITION
599000008.0,599000240.0,599000290.0,SECOND MIDDLE,PASSENGER,NOT ADJUSTABLE SEAT TRACK,OTHER ABNORMAL POSTURE,BENCH WITH FOLD BACK,DEFORMED BY INTRUSION,LAP BELT,NONE USED/AVAILABLE,NOT USED/AVAILABLE,NO SHOULDER BELT,18.647465892455518,0,5.719447832908177,-0.0,0.05062607306996795,1.415037499278844,0.8073549220576042,1.3923174227787605,5.022367813028454,-0.0,0.84799690655495,3.3923174227787602,18.647465892455518,99.08376963350786,EXTREME,seat_position,5.719447832908177,30.67144815222415,SECOND MIDDLE|PASSENGER|NOT ADJUSTABLE SEAT TRACK|OTHER ABNORMAL POSTURE|BENCH WITH FOLD BACK|DEFORMED BY INTRUSION|LAP BELT|NONE USED/AVAILABLE|NOT USED/AVAILABLE|NO SHOULDER BELT
339330233.0,339330235.0,339375758.0,FRONT LEFT SIDE,DRIVER,SEAT AT MIDDLE TRACK POSITION,NORMAL POSTURE,BUCKET,NO FAILURE,LAP AND SHOULDER BELT,LAP AND SHOULDER,BROKEN RETRACTOR,MID POSITION,18.508461592452022,0,0.672794206367598,-0.0,2.1835354329609653,0.31595772557084123,0.20546911829997946,0.3336791005797198,3.004413264502658,11.122180901259753,-0.0,0.6704318429105057,18.508461592452022,99.05104712041884,EXTREME,belt_failure,11.122180901259753,60.09241149353826,FRONT LEFT SIDE|DRIVER|SEAT AT MIDDLE TRACK POSITION|NORMAL POSTURE|BUCKET|NO FAILURE|LAP AND SHOULDER BELT|LAP AND SHOULDER|BROKEN RETRACTOR|MID POSITION
556175143.0,556175145.0,556175384.0,FRONT MIDDLE,PASSENGER,SEAT AT MIDDLE TRACK POSITION,NORMAL POSTURE,BUCKET,NO FAILURE,LAP BELT,NONE USED/AVAILABLE,NOT USED/AVAILABLE,NO SHOULDER BELT,18.466172076934008,0,9.992466327314592,-0.0,0.5849625007211563,1.0,-0.0,-0.0,6.040746342343309,-0.0,0.84799690655495,-0.0,18.466172076934008,99.01832460732984,EXTREME,seat_position,9.992466327314592,54.112277767605796,FRONT MIDDLE|PASSENGER|SEAT AT MIDDLE TRACK POSITION|NORMAL POSTURE|BUCKET|NO FAILURE|LAP BELT|NONE USED/AVAILABLE|NOT USED/AVAILABLE|NO SHOULDER BELT
852115259.0,852115262.0,851115339.0,FRONT LEFT SIDE,DRIVER,NOT ADJUSTABLE SEAT TRACK,NOT COLLECTED/UNKNOWN,BUCKET,DEFORMED BY OCCUPANT,LAP AND SHOULDER BELT,LAP AND SHOULDER,NO FAILURE,NO UPPER ANCHOR,18.447445195760498,0,0.672794206367598,-0.0,7.445203003030853,1.137503523749935,2.321928094887362,1.3219280948873622,3.209233056391156,0.016927121558869277,-0.0,2.321928094887362,18.447445195760498,98.98560209424085,HIGH,seat_track_position,7.445203003030853,40.3589923917588,FRONT LEFT SIDE|DRIVER|NOT ADJUSTABLE SEAT TRACK|NOT COLLECTED/UNKNOWN|BUCKET|DEFORMED BY OCCUPANT|LAP AND SHOULDER BELT|LAP AND SHOULDER|NO FAILURE|NO UPPER ANCHOR
897000794.0,6511.0,134004722.0,FRONT LEFT SIDE,DRIVER,NOT COLLECTED/UNKNOWN,NOT COLLECTED/UNKNOWN,BOX MOUNTED,NO FAILURE,LAP AND SHOULDER BELT,LAP AND SHOULDER,NO FAILURE,POSITION UNKNOWN,18.349243451758085,0,0.672794206367598,-0.0,5.176714167104952,4.142957953842043,1.5849625007211563,0.5849625007211563,6.169925001442312,0.016927121558869277,-0.0,-0.0,18.349243451758085,98.95287958115183,HIGH,belt_anchorage,6.169925001442312,33.624955806290515,FRONT LEFT SIDE|DRIVER|NOT COLLECTED/UNKNOWN|NOT COLLECTED/UNKNOWN|BOX MOUNTED|NO FAILURE|LAP AND SHOULDER BELT|LAP AND SHOULDER|NO FAILURE|POSITION UNKNOWN
791828356.0,791828357.0,791829978.0,FRONT LEFT SIDE,DRIVER,SEAT AT REAR MOST POSITION,OTHER ABNORMAL POSTURE,BUCKET,COMBINATION,LAP AND SHOULDER BELT,LAP AND SHOULDER,NO FAILURE,FULL UP,18.33541373724557,0,0.672794206367598,-0.0,2.0250513720553673,0.3717886094140868,6.507794640198696,0.394052474149508,1.4241731740239048,0.016927121558869277,-0.0,6.92283213947754,18.33541373724557,98.92015706806284,HIGH,seat_performance,6.92283213947754,37.7566180871876,FRONT LEFT SIDE|DRIVER|SEAT AT REAR MOST POSITION|OTHER ABNORMAL POSTURE|BUCKET|COMBINATION|LAP AND SHOULDER BELT|LAP AND SHOULDER|NO FAILURE|FULL UP
599000018.0,599000024.0,599000021.0,FRONT LEFT SIDE,DRIVER,SEAT BETWEEN FORWARD AND MIDDLE,NORMAL POSTURE,BUCKET WITH FOLD BACK,NO FAILURE,LAP BELT,NONE USED/AVAILABLE,NOT USED/AVAILABLE,NO SHOULDER BELT,18.291998179669818,0,0.672794206367598,-0.0,2.6425397762979714,3.307898534983304,0.14684138832927113,3.9541963103868754,6.087462841250339,-0.0,0.84799690655495,0.632268215499513,18.291998179669818,98.88743455497382,HIGH,belt_anchorage,6.087462841250339,33.279375940547034,FRONT LEFT SIDE|DRIVER|SEAT BETWEEN FORWARD AND MIDDLE|NORMAL POSTURE|BUCKET WITH FOLD BACK|NO FAILURE|LAP BELT|NONE USED/AVAILABLE|NOT USED/AVAILABLE|NO SHOULDER BELT
897010850.0,897010851.0,897002152.0,FRONT LEFT SIDE,DRIVER,SEAT BETWEEN MIDDLE AND REAR,LYING - SEAT BACK,BUCKET,DEFORMED BY OCCUPANT,LAP AND SHOULDER BELT,LAP AND SHOULDER,NO FAILURE,MID POSITION,18.090155575222933,0,0.672794206367598,-0.0,1.8171717804178111,0.2962999526953211,8.791162888555018,0.34407966234536597,3.004413264502658,0.016927121558869277,-0.0,3.1473066987802936,18.090155575222933,98.85471204188482,HIGH,posture,8.791162888555018,48.59639184416843,FRONT LEFT SIDE|DRIVER|SEAT BETWEEN MIDDLE AND REAR|LYING - SEAT BACK|BUCKET|DEFORMED BY OCCUPANT|LAP AND SHOULDER BELT|LAP AND SHOULDER|NO FAILURE|MID POSITION
852186221.0,852186224.0,851187896.0,FRONT RIGHT SIDE,PASSENGER,SEAT AT REAR MOST POSITION,NORMAL POSTURE,BUCKET,NO FAILURE,OTHER BELT,NONE USED/AVAILABLE,NOT USED/AVAILABLE,NO SHOULDER BELT,17.94461874638891,0,2.2509993409134457,-0.0,1.632942529622978,0.3715588626119629,0.3219280948873623,2.4639470997597903,6.040746342343309,-0.0,4.169925001442312,0.6925714748077527,17.94461874638891,98.82198952879581,HIGH,belt_anchorage,6.040746342343309,33.663274922232155,FRONT RIGHT SIDE|PASSENGER|SEAT AT REAR MOST POSITION|NORMAL POSTURE|BUCKET|NO FAILURE|OTHER BELT|NONE USED/AVAILABLE|NOT USED/AVAILABLE|NO SHOULDER BELT
651119337.0,651119338.0,651002847.0,FRONT LEFT SIDE,DRIVER,SEAT AT REAR MOST POSITION,NOT COLLECTED/UNKNOWN,BUCKET,NO FAILURE,LAP AND SHOULDER BELT,LAP AND SHOULDER,NOT COLLECTED/UNKNOWN,MID POSITION,17.890980673914815,0,0.672794206367598,-0.0,2.0250513720553673,0.3717886094140868,2.7529071380352277,0.394052474149508,3.004413264502658,8.122180901259753,-0.0,0.5477927081306153,17.890980673914815,98.7892670157068,HIGH,belt_failure,8.122180901259753,45.3981872167687,FRONT LEFT SIDE|DRIVER|SEAT AT REAR MOST POSITION|NOT COLLECTED/UNKNOWN|BUCKET|NO FAILURE|LAP AND SHOULDER BELT|LAP AND SHOULDER|NOT COLLECTED/UNKNOWN|MID POSITION
328080762.0,328080764.0,347081519.0,FRONT RIGHT SIDE,PASSENGER,SEAT BETWEEN MIDDLE AND REAR,NOT COLLECTED/UNKNOWN,BUCKET,UNKNOWN/UNMAPPED,LAP AND SHOULDER BELT,NONE USED/AVAILABLE,NOT USED/AVAILABLE,MID POSITION,17.872989069407883,0,2.2509993409134457,-0.0,1.598509032559104,0.2767093427308704,2.9917794931950317,2.643856189774725,2.9818526532897405,-0.0,-0.0,5.129283016944966,17.872989069407883,98.7565445026178,HIGH,seat_performance,5.129283016944966,28.698518177490804,FRONT RIGHT SIDE|PASSENGER|SEAT BETWEEN MIDDLE AND REAR|NOT COLLECTED/UNKNOWN|BUCKET|UNKNOWN/UNMAPPED|LAP AND SHOULDER BELT|NONE USED/AVAILABLE|NOT USED/AVAILABLE|MID POSITION
554122870.0,554122873.0,554122976.0,FRONT LEFT SIDE,DRIVER,SEAT AT REAR MOST POSITION,NOT COLLECTED/UNKNOWN,BUCKET,DEFORMED BY INTRUSION,LAP AND SHOULDER BELT,LAP AND SHOULDER,NO FAILURE,NOT COLLECTED/UNKNOWN,17.855911744032433,0,0.672794206367598,-0.0,2.0250513720553673,0.3717886094140868,2.7529071380352277,0.394052474149508,9.091876105752997,0.016927121558869277,-0.0,2.53051471669878,17.855911744032433,98.72382198952879,HIGH,belt_anchorage,9.091876105752997,50.91801659913313,FRONT LEFT SIDE|DRIVER|SEAT AT REAR MOST POSITION|NOT COLLECTED/UNKNOWN|BUCKET|DEFORMED BY INTRUSION|LAP AND SHOULDER BELT|LAP AND SHOULDER|NO FAILURE|NOT COLLECTED/UNKNOWN
897005965.0,897005971.0,897002598.0,SECOND RIGHT,PASSENGER,NOT ADJUSTABLE SEAT TRACK,NORMAL POSTURE,BENCH WITH FOLD BACK,NO FAILURE,LAP AND SHOULDER BELT,LAP AND SHOULDER,OTHER FAILURE,NO UPPER ANCHOR,17.778818004042172,0,3.870069695954866,-0.0,0.08530731262450643,1.3741243060127908,0.7243655573865726,1.2479275134435857,0.1292830169449665,10.122180901259753,-0.0,0.225559700415131,17.778818004042172,98.69109947643979,HIGH,belt_failure,10.122180901259753,56.933936209698444,SECOND RIGHT|PASSENGER|NOT ADJUSTABLE SEAT TRACK|NORMAL POSTURE|BENCH WITH FOLD BACK|NO FAILURE|LAP AND SHOULDER BELT|LAP AND SHOULDER|OTHER FAILURE|NO UPPER ANCHOR
852191707.0,852191708.0,851191862.0,FRONT LEFT SIDE,DRIVER,SEAT AT MIDDLE TRACK POSITION,NORMAL POSTURE,SPLIT BENCH WITH FOLD BACK,NO FAILURE,LAP AND SHOULDER BELT,NONE USED/AVAILABLE,NOT USED/AVAILABLE,MID POSITION,17.747353829478058,0,0.672794206367598,-0.0,2.1835354329609653,7.721099188707185,-0.0,1.0,5.169925001442312,-0.0,-0.0,1.0,17.747353829478058,98.65837696335078,HIGH,seat_type,7.721099188707185,43.505636180434784,FRONT LEFT SIDE|DRIVER|SEAT AT MIDDLE TRACK POSITION|NORMAL POSTURE|SPLIT BENCH WITH FOLD BACK|NO FAILURE|LAP AND SHOULDER BELT|NONE USED/AVAILABLE|NOT USED/AVAILABLE|MID POSITION
433468633.0,433468635.0,433469128.0,FRONT LEFT SIDE,DRIVER,SEAT AT REAR MOST POSITION,NOT COLLECTED/UNKNOWN,BENCH WITH FOLD BACK,TRACK/ANCHOR FAILURE,LAP AND SHOULDER BELT,LAP AND SHOULDER,NO FAILURE,FULL UP,17.723638966539585,0,0.672794206367598,-0.0,2.0250513720553673,8.879583249612784,-0.0,-0.0,6.129283016944966,0.016927121558869277,-0.0,-0.0,17.723638966539585,98.60929319371728,HIGH,seat_type,8.879583249612784,50.10022640596847,FRONT LEFT SIDE|DRIVER|SEAT AT REAR MOST POSITION|NOT COLLECTED/UNKNOWN|BENCH WITH FOLD BACK|TRACK/ANCHOR FAILURE|LAP AND SHOULDER BELT|LAP AND SHOULDER|NO FAILURE|FULL UP
554139463.0,554139465.0,554139938.0,FRONT LEFT SIDE,DRIVER,NOT ADJUSTABLE SEAT TRACK,NORMAL POSTURE,BENCH WITH FOLD BACK,NO FAILURE,LAP AND SHOULDER BELT,LAP AND SHOULDER,NO FAILURE,NOT COLLECTED/UNKNOWN,17.723638966539585,0,0.672794206367598,-0.0,7.445203003030853,3.4594316186372973,-0.0,-0.0,6.129283016944966,0.016927121558869277,-0.0,-0.0,17.723638966539585,98.60929319371728,HIGH,seat_track_position,7.445203003030853,42.00719173464678,FRONT LEFT SIDE|DRIVER|NOT ADJUSTABLE SEAT TRACK|NORMAL POSTURE|BENCH WITH FOLD BACK|NO FAILURE|LAP AND SHOULDER BELT|LAP AND SHOULDER|NO FAILURE|NOT COLLECTED/UNKNOWN
554123952.0,554123954.0,554124861.0,FRONT LEFT SIDE,DRIVER,SEAT AT REAR MOST POSITION,NORMAL POSTURE,SPLIT BENCH WITH SEPARATE BACK CUSHIONS,COMBINATION,LAP AND SHOULDER BELT,LAP AND SHOULDER,NO FAILURE,POSITION UNKNOWN,17.658553375067584,0,0.672794206367598,-0.0,2.0250513720553673,4.35602129355577,0.13124453327825267,0.523561956057013,5.409390936137702,0.016927121558869277,-0.0,4.523561956057013,17.658553375067584,98.56020942408377,HIGH,belt_anchorage,5.409390936137702,30.633262086889374,FRONT LEFT SIDE|DRIVER|SEAT AT REAR MOST POSITION|NORMAL POSTURE|SPLIT BENCH WITH SEPARATE BACK CUSHIONS|COMBINATION|LAP AND SHOULDER BELT|LAP AND SHOULDER|NO FAILURE|POSITION UNKNOWN
852129164.0,852129165.0,851129215.0,FRONT LEFT SIDE,DRIVER,SEAT BETWEEN FORWARD AND MIDDLE,NORMAL POSTURE,BENCH WITH FOLD BACK,NO FAILURE,LAP AND SHOULDER BELT,NONE USED/AVAILABLE,NOT USED/AVAILABLE,FULL DOWN,17.599796641064202,0,0.672794206367598,-0.0,2.6425397762979714,8.262094845370179,-0.0,-0.0,6.022367813028454,-0.0,-0.0,-0.0,17.599796641064202,98.52748691099477,HIGH,seat_type,8.262094845370179,46.944263129114184,FRONT LEFT SIDE|DRIVER|SEAT BETWEEN FORWARD AND MIDDLE|NORMAL POSTURE|BENCH WITH FOLD BACK|NO FAILURE|LAP AND SHOULDER BELT|NONE USED/AVAILABLE|NOT USED/AVAILABLE|FULL DOWN
359816812.0,359816814.0,359821709.0,FRONT MIDDLE,PASSENGER,SEAT AT REAR MOST POSITION,NORMAL POSTURE,SPLIT BENCH WITH FOLD BACK,DEFORMED BY OTHER OCCUPANT,LAP BELT,NONE USED/AVAILABLE,NOT USED/AVAILABLE,NO SHOULDER BELT,17.59535073603301,0,9.992466327314592,-0.0,1.5849625007211563,-0.0,-0.0,-0.0,5.169925001442312,-0.0,0.84799690655495,-0.0,17.59535073603301,98.49476439790575,HIGH,seat_position,9.992466327314592,56.79037876097184,FRONT MIDDLE|PASSENGER|SEAT AT REAR MOST POSITION|NORMAL POSTURE|SPLIT BENCH WITH FOLD BACK|DEFORMED BY OTHER OCCUPANT|LAP BELT|NONE USED/AVAILABLE|NOT USED/AVAILABLE|NO SHOULDER BELT
349207455.0,349207456.0,433209625.0,FRONT LEFT SIDE,DRIVER,SEAT BETWEEN FORWARD AND MIDDLE,NOT COLLECTED/UNKNOWN,BUCKET,UNKNOWN/UNMAPPED,LAP AND SHOULDER BELT,NONE USED/AVAILABLE,NOT USED/AVAILABLE,MID POSITION,17.55260833567288,0,0.672794206367598,-0.0,2.6425397762979714,0.24528655768362542,3.4318457869653978,2.7314060688243056,2.9818526532897405,-0.0,-0.0,4.846883286244242,17.55260833567288,98.46204188481676,HIGH,seat_performance,4.846883286244242,27.61346458345865,FRONT LEFT SIDE|DRIVER|SEAT BETWEEN FORWARD AND MIDDLE|NOT COLLECTED/UNKNOWN|BUCKET|UNKNOWN/UNMAPPED|LAP AND SHOULDER BELT|NONE USED/AVAILABLE|NOT USED/AVAILABLE|MID POSITION
556169833.0,556169834.0,556169881.0,FRONT LEFT SIDE,DRIVER,SEAT AT FORWARD MOST POSITION,NOT COLLECTED/UNKNOWN,BUCKET,TRACK/ANCHOR FAILURE,LAP AND SHOULDER BELT,LAP AND SHOULDER,NO FAILURE,FULL DOWN,17.51401808999517,0,0.672794206367598,-0.0,4.1364502968912245,0.308752706139629,4.137503523749935,0.24997825300834742,1.532180363642271,0.016927121558869277,-0.0,6.459431618637297,17.51401808999517,98.42931937172776,HIGH,seat_performance,6.459431618637297,36.88149450026678,FRONT LEFT SIDE|DRIVER|SEAT AT FORWARD MOST POSITION|NOT COLLECTED/UNKNOWN|BUCKET|TRACK/ANCHOR FAILURE|LAP AND SHOULDER BELT|LAP AND SHOULDER|NO FAILURE|FULL DOWN
651119286.0,651119288.0,651002642.0,FRONT MIDDLE,PASSENGER,SEAT AT MIDDLE TRACK POSITION,NOT COLLECTED/UNKNOWN,SPLIT BENCH WITH SEPARATE BACK CUSHIONS,NO FAILURE,LAP BELT,NONE USED/AVAILABLE,NOT USED/AVAILABLE,NO SHOULDER BELT,17.512888575841036,0,9.992466327314592,-0.0,0.5849625007211563,1.0,-0.0,-0.0,5.087462841250339,-0.0,0.84799690655495,-0.0,17.512888575841036,98.39659685863874,HIGH,seat_position,9.992466327314592,57.057785093768956,FRONT MIDDLE|PASSENGER|SEAT AT MIDDLE TRACK POSITION|NOT COLLECTED/UNKNOWN|SPLIT BENCH WITH SEPARATE BACK CUSHIONS|NO FAILURE|LAP BELT|NONE USED/AVAILABLE|NOT USED/AVAILABLE|NO SHOULDER BELT
360250421.0,360250424.0,362250572.0,FRONT RIGHT SIDE,PASSENGER,SEAT AT MIDDLE TRACK POSITION,NOT COLLECTED/UNKNOWN,BUCKET,NO FAILURE,LAP AND SHOULDER BELT,LAP AND SHOULDER,NOT COLLECTED/UNKNOWN,FULL UP,17.480726212063832,0,2.2509993409134457,-0.0,2.136604928242286,0.3569345447152755,2.5109619192773796,0.203533394085132,1.4241731740239048,8.122180901259753,-0.0,0.47533800954665795,17.480726212063832,98.36387434554975,HIGH,belt_failure,8.122180901259753,46.463635450422295,FRONT RIGHT SIDE|PASSENGER|SEAT AT MIDDLE TRACK POSITION|NOT COLLECTED/UNKNOWN|BUCKET|NO FAILURE|LAP AND SHOULDER BELT|LAP AND SHOULDER|NOT COLLECTED/UNKNOWN|FULL UP
651119286.0,651119289.0,651002638.0,FRONT RIGHT SIDE,PASSENGER,SEAT AT MIDDLE TRACK POSITION,NOT COLLECTED/UNKNOWN,SPLIT BENCH WITH SEPARATE BACK CUSHIONS,DEFORMED BY INTRUSION,LAP AND SHOULDER BELT,NONE USED/AVAILABLE,NOT USED/AVAILABLE,FULL DOWN,17.47224659134369,0,2.2509993409134457,-0.0,2.136604928242286,4.382469636822413,1.8073549220576042,2.807354922057604,2.2801079191927354,-0.0,-0.0,1.8073549220576042,17.47224659134369,98.33115183246073,HIGH,seat_type,4.382469636822413,25.082462143097434,FRONT RIGHT SIDE|PASSENGER|SEAT AT MIDDLE TRACK POSITION|NOT COLLECTED/UNKNOWN|SPLIT BENCH WITH SEPARATE BACK CUSHIONS|DEFORMED BY INTRUSION|LAP AND SHOULDER BELT|NONE USED/AVAILABLE|NOT USED/AVAILABLE|FULL DOWN
852185117.0,852185119.0,531185669.0,FRONT LEFT SIDE,DRIVER,SEAT BETWEEN FORWARD AND MIDDLE,NORMAL POSTURE,BUCKET,DEFORMED BY INTRUSION,LAP AND SHOULDER BELT,LAP AND SHOULDER,TORN WEBBING,NO UPPER ANCHOR,17.389839099200707,0,0.672794206367598,-0.0,2.6425397762979714,0.24528655768362542,0.19025980039563886,0.2420212280853805,3.209233056391156,7.662749282622455,-0.0,2.524955191356879,17.389839099200707,98.29842931937172,HIGH,belt_failure,7.662749282622455,44.0645208901022,FRONT LEFT SIDE|DRIVER|SEAT BETWEEN FORWARD AND MIDDLE|NORMAL POSTURE|BUCKET|DEFORMED BY INTRUSION|LAP AND SHOULDER BELT|LAP AND SHOULDER|TORN WEBBING|NO UPPER ANCHOR
852116058.0,852116061.0,851116412.0,FRONT LEFT SIDE,DRIVER,SEAT AT REAR MOST POSITION,NOT COLLECTED/UNKNOWN,BUCKET,DEFORMED BY INTRUSION,LAP BELT,NONE USED/AVAILABLE,NOT USED/AVAILABLE,NO SHOULDER BELT,17.340202995530312,0,0.672794206367598,-0.0,2.0250513720553673,0.3717886094140868,2.7529071380352277,2.0984037040609946,6.040746342343309,-0.0,0.84799690655495,2.53051471669878,17.340202995530312,98.26570680628272,HIGH,belt_anchorage,6.040746342343309,34.836652972865416,FRONT LEFT SIDE|DRIVER|SEAT AT REAR MOST POSITION|NOT COLLECTED/UNKNOWN|BUCKET|DEFORMED BY INTRUSION|LAP BELT|NONE USED/AVAILABLE|NOT USED/AVAILABLE|NO SHOULDER BELT
360222758.0,360222761.0,362226081.0,SECOND LEFT,PASSENGER,NOT ADJUSTABLE SEAT TRACK,NORMAL POSTURE,BUCKET,UNKNOWN/UNMAPPED,LAP AND SHOULDER BELT,LAP AND SHOULDER,NO FAILURE,MID POSITION,17.33573480826348,0,4.085575731706074,-0.0,0.0909736600474904,4.078951341394822,1.0,1.7369655941662063,3.004413264502658,0.016927121558869277,-0.0,3.321928094887362,17.33573480826348,98.23298429319371,HIGH,seat_position,4.085575731706074,23.567364042501325,SECOND LEFT|PASSENGER|NOT ADJUSTABLE SEAT TRACK|NORMAL POSTURE|BUCKET|UNKNOWN/UNMAPPED|LAP AND SHOULDER BELT|LAP AND SHOULDER|NO FAILURE|MID POSITION
349207759.0,349207761.0,433209716.0,FRONT LEFT SIDE,DRIVER,SEAT BETWEEN FORWARD AND MIDDLE,NORMAL POSTURE,BUCKET,NO FAILURE,LAP AND SHOULDER BELT,LAP AND SHOULDER,NOT COLLECTED/UNKNOWN,POSITION UNKNOWN,17.17562060930996,0,0.672794206367598,-0.0,2.6425397762979714,0.24528655768362542,0.19025980039563886,0.2420212280853805,4.410052065779252,8.122180901259753,-0.0,0.6504860734407383,17.17562060930996,98.20026178010471,HIGH,belt_failure,8.122180901259753,47.28900973078763,FRONT LEFT SIDE|DRIVER|SEAT BETWEEN FORWARD AND MIDDLE|NORMAL POSTURE|BUCKET|NO FAILURE|LAP AND SHOULDER BELT|LAP AND SHOULDER|NOT COLLECTED/UNKNOWN|POSITION UNKNOWN
599000082.0,599005642.0,599000579.0,SECOND RIGHT,PASSENGER,NOT ADJUSTABLE SEAT TRACK,OTHER ABNORMAL POSTURE,BUCKET,DEFORMED BY INTRUSION,LAP AND SHOULDER BELT,NONE USED/AVAILABLE,NOT USED/AVAILABLE,FULL DOWN,17.154970388639708,0,3.870069695954866,-0.0,0.08530731262450643,4.452126818014064,0.84799690655495,3.1699250014423126,1.559619652606693,-0.0,-0.0,3.1699250014423126,17.154970388639708,98.1675392670157,HIGH,seat_type,4.452126818014064,25.9524016489258,SECOND RIGHT|PASSENGER|NOT ADJUSTABLE SEAT TRACK|OTHER ABNORMAL POSTURE|BUCKET|DEFORMED BY INTRUSION|LAP AND SHOULDER BELT|NONE USED/AVAILABLE|NOT USED/AVAILABLE|FULL DOWN
347687645.0,347687648.0,878690331.0,FRONT RIGHT SIDE,PASSENGER,SEAT AT REAR MOST POSITION,NORMAL POSTURE,BUCKET,DEFORMED BY INTRUSION,LAP AND SHOULDER BELT,LAP AND SHOULDER,NOT COLLECTED/UNKNOWN,FULL DOWN,17.141783563033957,0,2.2509993409134457,-0.0,1.632942529622978,0.3715588626119629,0.3219280948873623,0.2885050933499121,1.532180363642271,8.122180901259753,-0.0,2.62148837674627,17.141783563033957,98.1348167539267,HIGH,belt_failure,8.122180901259753,47.38235593392473,FRONT RIGHT SIDE|PASSENGER|SEAT AT REAR MOST POSITION|NORMAL POSTURE|BUCKET|DEFORMED BY INTRUSION|LAP AND SHOULDER BELT|LAP AND SHOULDER|NOT COLLECTED/UNKNOWN|FULL DOWN
599037046.0,599037051.0,599038628.0,SECOND RIGHT,PASSENGER,SEAT AT MIDDLE TRACK POSITION,OTHER ABNORMAL POSTURE,BUCKET WITH FOLD BACK,DEFORMED BY CARGO,LAP AND SHOULDER BELT,LAP AND SHOULDER WITH CHILD SEAT,NOT COLLECTED/UNKNOWN,FULL DOWN,17.085223468234446,0,3.870069695954866,-0.0,5.7073591320808825,2.0,-0.0,-0.0,1.0,4.507794640198696,-0.0,-0.0,17.085223468234446,98.1020942408377,HIGH,seat_track_position,5.7073591320808825,33.40523548136341,SECOND RIGHT|PASSENGER|SEAT AT MIDDLE TRACK POSITION|OTHER ABNORMAL POSTURE|BUCKET WITH FOLD BACK|DEFORMED BY CARGO|LAP AND SHOULDER BELT|LAP AND SHOULDER WITH CHILD SEAT|NOT COLLECTED/UNKNOWN|FULL DOWN
556122984.0,556122985.0,556123117.0,FRONT LEFT SIDE,DRIVER,SEAT AT MIDDLE TRACK POSITION,NOT COLLECTED/UNKNOWN,BUCKET,NO FAILURE,NONE AVAILABLE,NONE USED/AVAILABLE,NOT USED/AVAILABLE,NO SHOULDER BELT,17.083338769744323,0,0.672794206367598,-0.0,2.1835354329609653,0.31595772557084123,3.498250867527825,2.3390522726785714,6.040746342343309,-0.0,1.3625700793847082,0.6704318429105057,17.083338769744323,98.06937172774869,HIGH,belt_anchorage,6.040746342343309,35.36045514148472,FRONT LEFT SIDE|DRIVER|SEAT AT MIDDLE TRACK POSITION|NOT COLLECTED/UNKNOWN|BUCKET|NO FAILURE|NONE AVAILABLE|NONE USED/AVAILABLE|NOT USED/AVAILABLE|NO SHOULDER BELT
347587027.0,347587028.0,878587307.0,FRONT LEFT SIDE,DRIVER,SEAT BETWEEN MIDDLE AND REAR,OTHER ABNORMAL POSTURE,SPLIT BENCH WITH SEPARATE BACK CUSHIONS,NO FAILURE,LAP AND SHOULDER BELT,NONE USED/AVAILABLE,NOT USED/AVAILABLE,FULL UP,17.062855655205993,0,0.672794206367598,-0.0,1.8171717804178111,4.280107919192735,4.807354922057605,2.4854268271702415,2.2801079191927354,-0.0,-0.0,0.7198920808072649,17.062855655205993,98.03664921465969,HIGH,posture,4.807354922057605,28.174386627896297,FRONT LEFT SIDE|DRIVER|SEAT BETWEEN MIDDLE AND REAR|OTHER ABNORMAL POSTURE|SPLIT BENCH WITH SEPARATE BACK CUSHIONS|NO FAILURE|LAP AND SHOULDER BELT|NONE USED/AVAILABLE|NOT USED/AVAILABLE|FULL UP
897025111.0,897025113.0,897006670.0,FRONT RIGHT SIDE,PASSENGER,SEAT AT REAR MOST POSITION,LYING - SEAT BACK,BUCKET,DEFORMED BY INTRUSION,LAP AND SHOULDER BELT,NONE USED/AVAILABLE,NOT USED/AVAILABLE,MID POSITION,17.059754457110394,0,2.2509993409134457,-0.0,1.632942529622978,0.3715588626119629,4.7369655941662066,2.4639470997597903,2.9818526532897405,-0.0,-0.0,2.62148837674627,17.059754457110394,98.00392670157068,HIGH,posture,4.7369655941662066,27.766903715263442,FRONT RIGHT SIDE|PASSENGER|SEAT AT REAR MOST POSITION|LYING - SEAT BACK|BUCKET|DEFORMED BY INTRUSION|LAP AND SHOULDER BELT|NONE USED/AVAILABLE|NOT USED/AVAILABLE|MID POSITION
328080762.0,328080763.0,347081520.0,FRONT LEFT SIDE,DRIVER,SEAT AT MIDDLE TRACK POSITION,NORMAL POSTURE,BUCKET,UNKNOWN/UNMAPPED,LAP AND SHOULDER BELT,NOT COLLECTED/UNKNOWN,NOT COLLECTED/UNKNOWN,POSITION UNKNOWN,17.052879826190434,0,0.672794206367598,-0.0,2.1835354329609653,0.31595772557084123,0.20546911829997946,6.820178962415188,2.321928094887362,0.03476541816067664,-0.0,4.498250867527825,17.052879826190434,97.97120418848168,HIGH,belt_use,6.820178962415188,39.99429440615953,FRONT LEFT SIDE|DRIVER|SEAT AT MIDDLE TRACK POSITION|NORMAL POSTURE|BUCKET|UNKNOWN/UNMAPPED|LAP AND SHOULDER BELT|NOT COLLECTED/UNKNOWN|NOT COLLECTED/UNKNOWN|POSITION UNKNOWN
599000008.0,599000239.0,599000289.0,FRONT RIGHT SIDE,PASSENGER,SEAT AT FORWARD MOST POSITION,NORMAL POSTURE,BUCKET,DEFORMED BY INTRUSION,LAP AND SHOULDER BELT,NONE USED/AVAILABLE,NOT USED/AVAILABLE,NO UPPER ANCHOR,17.0332126696579,0,2.2509993409134457,-0.0,5.419538891513785,0.3219280948873623,1.0,1.5849625007211563,2.8708213409009966,-0.0,-0.0,3.584962500721156,17.0332126696579,97.93848167539268,HIGH,seat_track_position,5.419538891513785,31.817479160392782,FRONT RIGHT SIDE|PASSENGER|SEAT AT FORWARD MOST POSITION|NORMAL POSTURE|BUCKET|DEFORMED BY INTRUSION|LAP AND SHOULDER BELT|NONE USED/AVAILABLE|NOT USED/AVAILABLE|NO UPPER ANCHOR
359458602.0,359458604.0,362459960.0,FRONT RIGHT SIDE,PASSENGER,SEAT BETWEEN FORWARD AND MIDDLE,LYING - SEAT BACK,BUCKET,DEFORMED BY OCCUPANT,LAP AND SHOULDER BELT,LAP AND SHOULDER,NO FAILURE,FULL DOWN,16.99303472004445,0,2.2509993409134457,-0.0,3.8028675310652904,0.27563444261342734,5.247927513443585,0.203533394085132,1.532180363642271,0.016927121558869277,-0.0,3.6629650127224296,16.99303472004445,97.90575916230367,HIGH,posture,5.247927513443585,30.882815223423837,FRONT RIGHT SIDE|PASSENGER|SEAT BETWEEN FORWARD AND MIDDLE|LYING - SEAT BACK|BUCKET|DEFORMED BY OCCUPANT|LAP AND SHOULDER BELT|LAP AND SHOULDER|NO FAILURE|FULL DOWN
360247392.0,360247395.0,362247968.0,SECOND RIGHT,PASSENGER,NOT ADJUSTABLE SEAT TRACK,OTHER ABNORMAL POSTURE,BENCH WITH FOLD BACK,DEFORMED BY OCCUPANT,LAP AND SHOULDER BELT,LAP AND SHOULDER WITH CHILD SEAT,NO FAILURE,NO UPPER ANCHOR,16.943229587339992,0,3.870069695954866,-0.0,0.08530731262450643,1.3741243060127908,2.160464672193246,3.078002512001273,0.04580368961312479,0.08152988549659837,-0.0,6.247927513443585,16.943229587339992,97.87303664921467,HIGH,seat_performance,6.247927513443585,36.87565868854216,SECOND RIGHT|PASSENGER|NOT ADJUSTABLE SEAT TRACK|OTHER ABNORMAL POSTURE|BENCH WITH FOLD BACK|DEFORMED BY OCCUPANT|LAP AND SHOULDER BELT|LAP AND SHOULDER WITH CHILD SEAT|NO FAILURE|NO UPPER ANCHOR
341206111.0,341206112.0,341212331.0,FRONT LEFT SIDE,DRIVER,SEAT BETWEEN MIDDLE AND REAR,OTHER ABNORMAL POSTURE,BUCKET,DEFORMED BY OTHER OCCUPANT,LAP AND SHOULDER BELT,LAP AND SHOULDER,NO FAILURE,MID POSITION,16.926656842940055,0,0.672794206367598,-0.0,1.8171717804178111,0.2962999526953211,4.983807966497414,0.34407966234536597,3.004413264502658,0.016927121558869277,-0.0,5.791162888555019,16.926656842940055,97.84031413612566,HIGH,seat_performance,5.791162888555019,34.213270477982526,FRONT LEFT SIDE|DRIVER|SEAT BETWEEN MIDDLE AND REAR|OTHER ABNORMAL POSTURE|BUCKET|DEFORMED BY OTHER OCCUPANT|LAP AND SHOULDER BELT|LAP AND SHOULDER|NO FAILURE|MID POSITION
651144873.0,651144875.0,651004092.0,FRONT LEFT SIDE,DRIVER,SEAT AT REAR MOST POSITION,NORMAL POSTURE,BUCKET WITH FOLD BACK,DEFORMED BY INTRUSION,LAP AND SHOULDER BELT,LAP AND SHOULDER,NO FAILURE,POSITION UNKNOWN,16.914309102296922,0,0.672794206367598,-0.0,2.0250513720553673,2.972692654004265,0.23446525363702297,0.4806258409064206,7.774787059601174,0.016927121558869277,-0.0,2.736965594166206,16.914309102296922,97.80759162303664,HIGH,belt_anchorage,7.774787059601174,45.965738314108116,FRONT LEFT SIDE|DRIVER|SEAT AT REAR MOST POSITION|NORMAL POSTURE|BUCKET WITH FOLD BACK|DEFORMED BY INTRUSION|LAP AND SHOULDER BELT|LAP AND SHOULDER|NO FAILURE|POSITION UNKNOWN
791665335.0,791665336.0,791669134.0,FRONT LEFT SIDE,DRIVER,SEAT BETWEEN MIDDLE AND REAR,NOT COLLECTED/UNKNOWN,BUCKET,UNKNOWN/UNMAPPED,LAP AND SHOULDER BELT,LAP AND SHOULDER,NO FAILURE,POSITION UNKNOWN,16.906030889514554,0,0.672794206367598,-0.0,1.8171717804178111,0.2962999526953211,3.3648981338529205,0.34407966234536597,4.410052065779252,0.016927121558869277,-0.0,5.983807966497414,16.906030889514554,97.77486910994764,HIGH,seat_performance,5.983807966497414,35.394516936608035,FRONT LEFT SIDE|DRIVER|SEAT BETWEEN MIDDLE AND REAR|NOT COLLECTED/UNKNOWN|BUCKET|UNKNOWN/UNMAPPED|LAP AND SHOULDER BELT|LAP AND SHOULDER|NO FAILURE|POSITION UNKNOWN
341206107.0,341206109.0,341214899.0,FRONT RIGHT SIDE,PASSENGER,SEAT BETWEEN MIDDLE AND REAR,OTHER ABNORMAL POSTURE,BUCKET,UNKNOWN/UNMAPPED,LAP AND SHOULDER BELT,LAP AND SHOULDER,NO FAILURE,FULL UP,16.814388406838297,0,2.2509993409134457,-0.0,1.598509032559104,0.2767093427308704,5.866248611111173,0.25153876699596445,1.4241731740239048,0.016927121558869277,-0.0,5.129283016944966,16.814388406838297,97.74214659685863,HIGH,posture,5.866248611111173,34.88826634173271,FRONT RIGHT SIDE|PASSENGER|SEAT BETWEEN MIDDLE AND REAR|OTHER ABNORMAL POSTURE|BUCKET|UNKNOWN/UNMAPPED|LAP AND SHOULDER BELT|LAP AND SHOULDER|NO FAILURE|FULL UP
360255786.0,360255789.0,362256284.0,FRONT RIGHT SIDE,PASSENGER,SEAT AT REAR MOST POSITION,NOT COLLECTED/UNKNOWN,BOX MOUNTED,NO FAILURE,LAP AND SHOULDER BELT,NONE USED/AVAILABLE,NOT USED/AVAILABLE,FULL DOWN,16.74735382947806,0,2.2509993409134457,-0.0,1.632942529622978,5.108524456778169,2.584962500721156,2.584962500721156,2.0,-0.0,-0.0,0.5849625007211563,16.74735382947806,97.69306282722513,HIGH,seat_type,5.108524456778169,30.503472421931736,FRONT RIGHT SIDE|PASSENGER|SEAT AT REAR MOST POSITION|NOT COLLECTED/UNKNOWN|BOX MOUNTED|NO FAILURE|LAP AND SHOULDER BELT|NONE USED/AVAILABLE|NOT USED/AVAILABLE|FULL DOWN
852130861.0,852130862.0,851131030.0,FRONT LEFT SIDE,DRIVER,SEAT BETWEEN FORWARD AND MIDDLE,NORMAL POSTURE,SPLIT BENCH WITH FOLD BACK,NO FAILURE,LAP AND SHOULDER BELT,NONE USED/AVAILABLE,NOT USED/AVAILABLE,FULL UP,16.74735382947806,0,0.672794206367598,-0.0,2.6425397762979714,6.677132344649023,-0.0,1.5849625007211563,3.584962500721156,-0.0,-0.0,1.5849625007211563,16.74735382947806,97.69306282722513,HIGH,seat_type,6.677132344649023,39.86977532472137,FRONT LEFT SIDE|DRIVER|SEAT BETWEEN FORWARD AND MIDDLE|NORMAL POSTURE|SPLIT BENCH WITH FOLD BACK|NO FAILURE|LAP AND SHOULDER BELT|NONE USED/AVAILABLE|NOT USED/AVAILABLE|FULL UP
558030925.0,558031718.0,558031728.0,SECOND MIDDLE,PASSENGER,NOT ADJUSTABLE SEAT TRACK,NORMAL POSTURE,BENCH WITH FOLD BACK,NO FAILURE,NONE AVAILABLE,NONE USED/AVAILABLE,NOT USED/AVAILABLE,NO SHOULDER BELT,16.747001566006432,0,5.719447832908177,-0.0,0.05062607306996795,1.415037499278844,1.3923174227787605,1.3923174227787605,5.022367813028454,-0.0,1.3625700793847082,0.39231742277876036,16.747001566006432,97.64397905759162,HIGH,seat_position,5.719447832908177,34.152070807216525,SECOND MIDDLE|PASSENGER|NOT ADJUSTABLE SEAT TRACK|NORMAL POSTURE|BENCH WITH FOLD BACK|NO FAILURE|NONE AVAILABLE|NONE USED/AVAILABLE|NOT USED/AVAILABLE|NO SHOULDER BELT
558043025.0,558043027.0,734045615.0,FRONT LEFT SIDE,DRIVER,SEAT AT MIDDLE TRACK POSITION,BRACING WITH FEET,BOX MOUNTED,DEFORMED BY OCCUPANT,LAP AND SHOULDER BELT,LAP AND SHOULDER,NO FAILURE,FULL UP,16.711813531142795,0,0.672794206367598,-0.0,2.1835354329609653,4.5511741872648726,4.169925001442312,0.16992500144231243,2.3625700793847084,0.016927121558869277,-0.0,2.584962500721156,16.711813531142795,97.61125654450262,HIGH,seat_type,4.5511741872648726,27.23327530422518,FRONT LEFT SIDE|DRIVER|SEAT AT MIDDLE TRACK POSITION|BRACING WITH FEET|BOX MOUNTED|DEFORMED BY OCCUPANT|LAP AND SHOULDER BELT|LAP AND SHOULDER|NO FAILURE|FULL UP
599002685.0,599002687.0,599002759.0,FRONT RIGHT SIDE,PASSENGER,SEAT AT REAR MOST POSITION,LYING - SEAT BACK,BUCKET WITH FOLD BACK,DEFORMED BY OCCUPANT,LAP AND SHOULDER BELT,LAP AND SHOULDER,NO FAILURE,FULL UP,16.6967176672243,0,2.2509993409134457,-0.0,1.632942529622978,3.108524456778169,3.584962500721156,0.4974996594708167,2.019899557437705,0.016927121558869277,-0.0,3.584962500721156,16.6967176672243,97.57853403141361,HIGH,posture,3.584962500721156,21.47106139165572,FRONT RIGHT SIDE|PASSENGER|SEAT AT REAR MOST POSITION|LYING - SEAT BACK|BUCKET WITH FOLD BACK|DEFORMED BY OCCUPANT|LAP AND SHOULDER BELT|LAP AND SHOULDER|NO FAILURE|FULL UP
852131760.0,852131762.0,851131812.0,FRONT RIGHT SIDE,PASSENGER,SEAT AT REAR MOST POSITION,NORMAL POSTURE,BUCKET,DEFORMED BY INTRUSION,LAP AND SHOULDER BELT,LAP AND SHOULDER,TORN WEBBING,FULL DOWN,16.682351944396657,0,2.2509993409134457,-0.0,1.632942529622978,0.3715588626119629,0.3219280948873623,0.2885050933499121,1.532180363642271,7.662749282622455,-0.0,2.62148837674627,16.682351944396657,97.54581151832461,HIGH,belt_failure,7.662749282622455,45.93326713261347,FRONT RIGHT SIDE|PASSENGER|SEAT AT REAR MOST POSITION|NORMAL POSTURE|BUCKET|DEFORMED BY INTRUSION|LAP AND SHOULDER BELT|LAP AND SHOULDER|TORN WEBBING|FULL DOWN
558035224.0,558035257.0,558035246.0,SECOND MIDDLE,PASSENGER,NOT ADJUSTABLE SEAT TRACK,NORMAL POSTURE,BENCH,NO FAILURE,LAP BELT,NONE USED/AVAILABLE,NOT USED/AVAILABLE,NO SHOULDER BELT,16.669844462257146,0,5.719447832908177,-0.0,0.05062607306996795,2.0,1.0,1.4854268271702418,5.459431618637297,-0.0,0.84799690655495,0.1069152039165119,16.669844462257146,97.5130890052356,HIGH,seat_position,5.719447832908177,34.31014515976922,SECOND MIDDLE|PASSENGER|NOT ADJUSTABLE SEAT TRACK|NORMAL POSTURE|BENCH|NO FAILURE|LAP BELT|NONE USED/AVAILABLE|NOT USED/AVAILABLE|NO SHOULDER BELT
556148949.0,556148950.0,556148992.0,FRONT LEFT SIDE,DRIVER,SEAT AT MIDDLE TRACK POSITION,NOT COLLECTED/UNKNOWN,BUCKET,DEFORMED BY OTHER OCCUPANT,LAP AND SHOULDER BELT,LAP AND SHOULDER,NO FAILURE,POSITION UNKNOWN,16.666412982039102,0,0.672794206367598,-0.0,2.1835354329609653,0.31595772557084123,3.498250867527825,0.3336791005797198,4.410052065779252,0.016927121558869277,-0.0,5.235216461694032,16.666412982039102,97.4803664921466,HIGH,seat_performance,5.235216461694032,31.411776891259503,FRONT LEFT SIDE|DRIVER|SEAT AT MIDDLE TRACK POSITION|NOT COLLECTED/UNKNOWN|BUCKET|DEFORMED BY OTHER OCCUPANT|LAP AND SHOULDER BELT|LAP AND SHOULDER|NO FAILURE|POSITION UNKNOWN
792831224.0,792831227.0,792831288.0,FRONT LEFT SIDE,DRIVER,SEAT BETWEEN FORWARD AND MIDDLE,NORMAL POSTURE,BUCKET,DEFORMED BY INTRUSION,LAP AND SHOULDER BELT,NOT COLLECTED/UNKNOWN,NOT COLLECTED/UNKNOWN,POSITION UNKNOWN,16.649337332836303,0,0.672794206367598,-0.0,2.6425397762979714,0.24528655768362542,0.19025980039563886,8.016808287686555,2.321928094887362,0.03476541816067664,-0.0,2.524955191356879,16.649337332836303,97.4476439790576,HIGH,belt_use,8.016808287686555,48.15091512306363,FRONT LEFT SIDE|DRIVER|SEAT BETWEEN FORWARD AND MIDDLE|NORMAL POSTURE|BUCKET|DEFORMED BY INTRUSION|LAP AND SHOULDER BELT|NOT COLLECTED/UNKNOWN|NOT COLLECTED/UNKNOWN|POSITION UNKNOWN
349232275.0,349232280.0,433232482.0,THIRD LEFT,PASSENGER,NOT ADJUSTABLE SEAT TRACK,NOT COLLECTED/UNKNOWN,BENCH WITH FOLD BACK,DEFORMED BY CARGO,LAP AND SHOULDER BELT,NONE USED/AVAILABLE,NOT USED/AVAILABLE,NO UPPER ANCHOR,16.645600330677325,0,7.67053823242723,-0.0,-0.0,0.9068905956085186,2.0,3.0,0.06817150264157922,-0.0,-0.0,3.0,16.645600330677325,97.41492146596859,HIGH,seat_position,7.67053823242723,46.081475465265534,THIRD LEFT|PASSENGER|NOT ADJUSTABLE SEAT TRACK|NOT COLLECTED/UNKNOWN|BENCH WITH FOLD BACK|DEFORMED BY CARGO|LAP AND SHOULDER BELT|NONE USED/AVAILABLE|NOT USED/AVAILABLE|NO UPPER ANCHOR
325114354.0,325114356.0,325123036.0,FRONT RIGHT SIDE,PASSENGER,NOT COLLECTED/UNKNOWN,NORMAL POSTURE,BUCKET,UNKNOWN/UNMAPPED,LAP AND SHOULDER BELT,LAP AND SHOULDER,NO FAILURE,POSITION UNKNOWN,16.61209059259511,0,2.2509993409134457,-0.0,5.625989768981211,0.7004397181410921,0.19264507794239588,0.4150374992788438,4.410052065779252,0.016927121558869277,-0.0,3.0,16.61209059259511,97.38219895287958,HIGH,seat_track_position,5.625989768981211,33.866837756645836,FRONT RIGHT SIDE|PASSENGER|NOT COLLECTED/UNKNOWN|NORMAL POSTURE|BUCKET|UNKNOWN/UNMAPPED|LAP AND SHOULDER BELT|LAP AND SHOULDER|NO FAILURE|POSITION UNKNOWN
795682070.0,795762229.0,795762864.0,FRONT LEFT SIDE,DRIVER,SEAT AT MIDDLE TRACK POSITION,OTHER ABNORMAL POSTURE,BUCKET,DEFORMED BY OCCUPANT,LAP AND SHOULDER BELT,LAP AND SHOULDER,NO FAILURE,POSITION UNKNOWN,16.57330357764762,0,0.672794206367598,-0.0,2.1835354329609653,0.31595772557084123,4.820178962415188,0.3336791005797198,4.410052065779252,0.016927121558869277,-0.0,3.820178962415188,16.57330357764762,97.34947643979058,HIGH,posture,4.820178962415188,29.083996077379243,FRONT LEFT SIDE|DRIVER|SEAT AT MIDDLE TRACK POSITION|OTHER ABNORMAL POSTURE|BUCKET|DEFORMED BY OCCUPANT|LAP AND SHOULDER BELT|LAP AND SHOULDER|NO FAILURE|POSITION UNKNOWN
344057642.0,344057646.0,344058035.0,SECOND RIGHT,PASSENGER,NOT ADJUSTABLE SEAT TRACK,OTHER ABNORMAL POSTURE,SPLIT BENCH WITH FOLD BACK,DEFORMED BY OTHER OCCUPANT,LAP AND SHOULDER BELT,LAP AND SHOULDER WITH CHILD SEAT,NO FAILURE,NO UPPER ANCHOR,16.547927401143603,0,3.870069695954866,-0.0,0.08530731262450643,2.300123724569014,2.15200309344505,2.736965594166206,-0.0,0.08152988549659837,-0.0,5.321928094887363,16.547927401143603,97.31675392670157,HIGH,seat_performance,5.321928094887363,32.160692791772654,SECOND RIGHT|PASSENGER|NOT ADJUSTABLE SEAT TRACK|OTHER ABNORMAL POSTURE|SPLIT BENCH WITH FOLD BACK|DEFORMED BY OTHER OCCUPANT|LAP AND SHOULDER BELT|LAP AND SHOULDER WITH CHILD SEAT|NO FAILURE|NO UPPER ANCHOR
556171294.0,556171296.0,556171513.0,FRONT LEFT SIDE,DRIVER,SEAT AT MIDDLE TRACK POSITION,OTHER ABNORMAL POSTURE,BOX MOUNTED,NO FAILURE,LAP AND SHOULDER BELT,LAP AND SHOULDER,NO FAILURE,NOT COLLECTED/UNKNOWN,16.519168453200397,0,0.672794206367598,-0.0,2.1835354329609653,4.5511741872648726,2.1699250014423126,0.16992500144231243,6.169925001442312,0.016927121558869277,-0.0,0.5849625007211563,16.519168453200397,97.28403141361257,HIGH,belt_anchorage,6.169925001442312,37.35009433993005,FRONT LEFT SIDE|DRIVER|SEAT AT MIDDLE TRACK POSITION|OTHER ABNORMAL POSTURE|BOX MOUNTED|NO FAILURE|LAP AND SHOULDER BELT|LAP AND SHOULDER|NO FAILURE|NOT COLLECTED/UNKNOWN
795550984.0,795601744.0,795601951.0,FRONT LEFT SIDE,DRIVER,SEAT BETWEEN MIDDLE AND REAR,KNEELING ON SEAT,BUCKET,DEFORMED BY OCCUPANT,LAP AND SHOULDER BELT,LAP AND SHOULDER,NO FAILURE,FULL UP,16.50991548474418,0,0.672794206367598,-0.0,1.8171717804178111,0.2962999526953211,8.791162888555018,0.34407966234536597,1.4241731740239048,0.016927121558869277,-0.0,3.1473066987802936,16.50991548474418,97.25130890052355,HIGH,posture,8.791162888555018,53.24777644487886,FRONT LEFT SIDE|DRIVER|SEAT BETWEEN MIDDLE AND REAR|KNEELING ON SEAT|BUCKET|DEFORMED BY OCCUPANT|LAP AND SHOULDER BELT|LAP AND SHOULDER|NO FAILURE|FULL UP
599036036.0,599036039.0,599036079.0,SECOND RIGHT,PASSENGER,NOT ADJUSTABLE SEAT TRACK,OTHER ABNORMAL POSTURE,BENCH WITH FOLD BACK,NO FAILURE,LAP AND SHOULDER BELT,LAP WITH CHILD SEAT,NO FAILURE,NO UPPER ANCHOR,16.507773716867938,0,3.870069695954866,-0.0,0.08530731262450643,1.3741243060127908,2.160464672193246,6.247927513443585,2.321928094887362,0.22239242133644802,-0.0,0.225559700415131,16.507773716867938,97.21858638743456,HIGH,belt_use,6.247927513443585,37.848395674695624,SECOND RIGHT|PASSENGER|NOT ADJUSTABLE SEAT TRACK|OTHER ABNORMAL POSTURE|BENCH WITH FOLD BACK|NO FAILURE|LAP AND SHOULDER BELT|LAP WITH CHILD SEAT|NO FAILURE|NO UPPER ANCHOR
897022174.0,897022177.0,897006091.0,FRONT RIGHT SIDE,PASSENGER,SEAT AT REAR MOST POSITION,NORMAL POSTURE,SPLIT BENCH WITH FOLD BACK,TRACK/ANCHOR FAILURE,LAP AND SHOULDER BELT,LAP AND SHOULDER,NO FAILURE,FULL UP,16.491999756981325,0,2.2509993409134457,-0.0,1.632942529622978,4.8861320354417215,0.4854268271702417,0.22239242133644802,4.189824558880018,0.016927121558869277,-0.0,2.807354922057604,16.491999756981325,97.18586387434554,HIGH,seat_type,4.8861320354417215,29.62728660830439,FRONT RIGHT SIDE|PASSENGER|SEAT AT REAR MOST POSITION|NORMAL POSTURE|SPLIT BENCH WITH FOLD BACK|TRACK/ANCHOR FAILURE|LAP AND SHOULDER BELT|LAP AND SHOULDER|NO FAILURE|FULL UP
134005320.0,134007688.0,897001633.0,FRONT LEFT SIDE,DRIVER,SEAT BETWEEN MIDDLE AND REAR,NORMAL POSTURE,BOX MOUNTED,UNKNOWN/UNMAPPED,LAP AND SHOULDER BELT,NONE USED/AVAILABLE,NOT USED/AVAILABLE,FULL UP,16.491698954009866,0,0.672794206367598,-0.0,1.8171717804178111,5.280107919192735,0.1069152039165119,2.222392421336448,2.584962500721156,-0.0,-0.0,3.807354922057604,16.491698954009866,97.15314136125654,HIGH,seat_type,5.280107919192735,32.01676148659569,FRONT LEFT SIDE|DRIVER|SEAT BETWEEN MIDDLE AND REAR|NORMAL POSTURE|BOX MOUNTED|UNKNOWN/UNMAPPED|LAP AND SHOULDER BELT|NONE USED/AVAILABLE|NOT USED/AVAILABLE|FULL UP
556127147.0,556127149.0,556127249.0,FRONT RIGHT SIDE,PASSENGER,SEAT AT MIDDLE TRACK POSITION,BRACING WITH FEET,BUCKET,NO FAILURE,LAP AND SHOULDER BELT,NONE USED/AVAILABLE,NOT USED/AVAILABLE,NO UPPER ANCHOR,16.471075973785894,0,2.2509993409134457,-0.0,2.136604928242286,0.3569345447152755,5.247927513443585,3.1324502960236495,2.8708213409009966,-0.0,-0.0,0.47533800954665795,16.471075973785894,97.12041884816755,HIGH,posture,5.247927513443585,31.861473541836528,FRONT RIGHT SIDE|PASSENGER|SEAT AT MIDDLE TRACK POSITION|BRACING WITH FEET|BUCKET|NO FAILURE|LAP AND SHOULDER BELT|NONE USED/AVAILABLE|NOT USED/AVAILABLE|NO UPPER ANCHOR
651108596.0,651108597.0,651001658.0,FRONT LEFT SIDE,DRIVER,SEAT AT REAR MOST POSITION,NOT COLLECTED/UNKNOWN,BUCKET,NO FAILURE,LAP AND SHOULDER BELT,LAP AND SHOULDER,NOT COLLECTED/UNKNOWN,FULL DOWN,16.418747773054427,0,0.672794206367598,-0.0,2.0250513720553673,0.3717886094140868,2.7529071380352277,0.394052474149508,1.532180363642271,8.122180901259753,-0.0,0.5477927081306153,16.418747773054427,97.08769633507853,HIGH,belt_failure,8.122180901259753,49.46894253768514,FRONT LEFT SIDE|DRIVER|SEAT AT REAR MOST POSITION|NOT COLLECTED/UNKNOWN|BUCKET|NO FAILURE|LAP AND SHOULDER BELT|LAP AND SHOULDER|NOT COLLECTED/UNKNOWN|FULL DOWN
897025096.0,897025097.0,897006575.0,FRONT LEFT SIDE,DRIVER,SEAT AT REAR MOST POSITION,NORMAL POSTURE,SPLIT BENCH WITH FOLD BACK,DEFORMED BY OCCUPANT,LAP AND SHOULDER BELT,LAP AND SHOULDER,NO FAILURE,MID POSITION,16.40978499369314,0,0.672794206367598,-0.0,2.0250513720553673,5.709658248170471,0.84799690655495,0.36257007938470825,4.6048620581588615,0.016927121558869277,-0.0,2.1699250014423126,16.40978499369314,97.05497382198953,HIGH,seat_type,5.709658248170471,34.79422948176892,FRONT LEFT SIDE|DRIVER|SEAT AT REAR MOST POSITION|NORMAL POSTURE|SPLIT BENCH WITH FOLD BACK|DEFORMED BY OCCUPANT|LAP AND SHOULDER BELT|LAP AND SHOULDER|NO FAILURE|MID POSITION
599010385.0,599010388.0,599000804.0,SECOND LEFT,PASSENGER,NOT ADJUSTABLE SEAT TRACK,NORMAL POSTURE,BUCKET,DEFORMED BY INTRUSION,LAP AND SHOULDER BELT,NONE USED/AVAILABLE,NOT USED/AVAILABLE,FULL UP,16.40612469326407,0,4.085575731706074,-0.0,0.0909736600474904,4.078951341394822,1.0,3.321928094887362,1.5067677703409579,-0.0,-0.0,2.321928094887362,16.40612469326407,97.02225130890052,HIGH,seat_position,4.085575731706074,24.902747041679536,SECOND LEFT|PASSENGER|NOT ADJUSTABLE SEAT TRACK|NORMAL POSTURE|BUCKET|DEFORMED BY INTRUSION|LAP AND SHOULDER BELT|NONE USED/AVAILABLE|NOT USED/AVAILABLE|FULL UP
359561426.0,359561428.0,362568707.0,FRONT LEFT SIDE,DRIVER,SEAT BETWEEN MIDDLE AND REAR,NORMAL POSTURE,SPLIT BENCH WITH FOLD BACK,COMBINATION,LAP AND SHOULDER BELT,LAP AND SHOULDER,NO FAILURE,FULL UP,16.391863085695874,0,0.672794206367598,-0.0,1.8171717804178111,6.087462841250339,0.19264507794239588,0.4150374992788438,4.189824558880018,0.016927121558869277,-0.0,3.0,16.391863085695874,96.98952879581152,HIGH,seat_type,6.087462841250339,37.13710155718953,FRONT LEFT SIDE|DRIVER|SEAT BETWEEN MIDDLE AND REAR|NORMAL POSTURE|SPLIT BENCH WITH FOLD BACK|COMBINATION|LAP AND SHOULDER BELT|LAP AND SHOULDER|NO FAILURE|FULL UP
556139494.0,556139498.0,556140522.0,SECOND RIGHT,PASSENGER,NOT ADJUSTABLE SEAT TRACK,OTHER ABNORMAL POSTURE,BENCH,DEFORMED BY OCCUPANT,LAP AND SHOULDER BELT,LAP AND SHOULDER WITH CHILD SEAT,NO FAILURE,NO UPPER ANCHOR,16.381901740831687,0,3.870069695954866,-0.0,0.08530731262450643,1.8406921059317167,1.8744691179161412,2.7813597135246595,0.06711419585853691,0.08152988549659837,-0.0,5.78135971352466,16.381901740831687,96.95680628272252,HIGH,seat_performance,5.78135971352466,35.29113899587551,SECOND RIGHT|PASSENGER|NOT ADJUSTABLE SEAT TRACK|OTHER ABNORMAL POSTURE|BENCH|DEFORMED BY OCCUPANT|LAP AND SHOULDER BELT|LAP AND SHOULDER WITH CHILD SEAT|NO FAILURE|NO UPPER ANCHOR
556138791.0,556138793.0,556138858.0,FRONT RIGHT SIDE,PASSENGER,SEAT BETWEEN MIDDLE AND REAR,NORMAL POSTURE,BUCKET,NO FAILURE,LAP AND SHOULDER BELT,NONE USED/AVAILABLE,NOT USED/AVAILABLE,NOT COLLECTED/UNKNOWN,16.346920257740297,0,2.2509993409134457,-0.0,1.598509032559104,0.2767093427308704,0.28128611039001644,2.643856189774725,8.625708843064466,-0.0,-0.0,0.6698513983076693,16.346920257740297,96.92408376963351,HIGH,belt_anchorage,8.625708843064466,52.76656830194162,FRONT RIGHT SIDE|PASSENGER|SEAT BETWEEN MIDDLE AND REAR|NORMAL POSTURE|BUCKET|NO FAILURE|LAP AND SHOULDER BELT|NONE USED/AVAILABLE|NOT USED/AVAILABLE|NOT COLLECTED/UNKNOWN
599006270.0,599006272.0,599000566.0,FRONT LEFT SIDE,DRIVER,SEAT AT MIDDLE TRACK POSITION,NORMAL POSTURE,BOX MOUNTED,DEFORMED BY INTRUSION,LAP AND SHOULDER BELT,NONE USED/AVAILABLE,NOT USED/AVAILABLE,NO UPPER ANCHOR,16.332316330199216,0,0.672794206367598,-0.0,2.1835354329609653,4.5511741872648726,0.5849625007211563,3.1699250014423126,2.0,-0.0,-0.0,3.1699250014423126,16.332316330199216,96.8913612565445,HIGH,seat_type,4.5511741872648726,27.866066853294647,FRONT LEFT SIDE|DRIVER|SEAT AT MIDDLE TRACK POSITION|NORMAL POSTURE|BOX MOUNTED|DEFORMED BY INTRUSION|LAP AND SHOULDER BELT|NONE USED/AVAILABLE|NOT USED/AVAILABLE|NO UPPER ANCHOR
558037390.0,558037392.0,558037402.0,FRONT RIGHT SIDE,PASSENGER,SEAT AT REAR MOST POSITION,SITTING SIDEWAYS,BUCKET,NO FAILURE,LAP AND SHOULDER BELT,NONE USED/AVAILABLE,NOT USED/AVAILABLE,FULL DOWN,16.293567055209987,0,2.2509993409134457,-0.0,1.632942529622978,0.3715588626119629,7.321928094887363,2.4639470997597903,1.559619652606693,-0.0,-0.0,0.6925714748077527,16.293567055209987,96.8586387434555,HIGH,posture,7.321928094887363,44.93753927594463,FRONT RIGHT SIDE|PASSENGER|SEAT AT REAR MOST POSITION|SITTING SIDEWAYS|BUCKET|NO FAILURE|LAP AND SHOULDER BELT|NONE USED/AVAILABLE|NOT USED/AVAILABLE|FULL DOWN
142598286.0,142598287.0,142603130.0,FRONT LEFT SIDE,DRIVER,SEAT AT MIDDLE TRACK POSITION,NORMAL POSTURE,BUCKET,COMBINATION,LAP AND SHOULDER BELT,NONE USED/AVAILABLE,NOT USED/AVAILABLE,POSITION UNKNOWN,16.288227443441468,0,0.672794206367598,-0.0,2.1835354329609653,0.31595772557084123,0.20546911829997946,2.3390522726785714,5.166277224427168,-0.0,-0.0,5.405141463136344,16.288227443441468,96.82591623036649,HIGH,seat_performance,5.405141463136344,33.1843442259443,FRONT LEFT SIDE|DRIVER|SEAT AT MIDDLE TRACK POSITION|NORMAL POSTURE|BUCKET|COMBINATION|LAP AND SHOULDER BELT|NONE USED/AVAILABLE|NOT USED/AVAILABLE|POSITION UNKNOWN
341339165.0,341339168.0,341340113.0,FRONT RIGHT SIDE,PASSENGER,SEAT BETWEEN MIDDLE AND REAR,OTHER ABNORMAL POSTURE,BUCKET,NO FAILURE,LAP AND SHOULDER BELT,NONE USED/AVAILABLE,NOT USED/AVAILABLE,MID POSITION,16.28802656868673,0,2.2509993409134457,-0.0,1.598509032559104,0.2767093427308704,5.866248611111173,2.643856189774725,2.9818526532897405,-0.0,-0.0,0.6698513983076693,16.28802656868673,96.79319371727748,HIGH,posture,5.866248611111173,36.01571121199464,FRONT RIGHT SIDE|PASSENGER|SEAT BETWEEN MIDDLE AND REAR|OTHER ABNORMAL POSTURE|BUCKET|NO FAILURE|LAP AND SHOULDER BELT|NONE USED/AVAILABLE|NOT USED/AVAILABLE|MID POSITION
852115389.0,852115392.0,851115461.0,FRONT RIGHT SIDE,PASSENGER,SEAT AT MIDDLE TRACK POSITION,NOT COLLECTED/UNKNOWN,SPLIT BENCH WITH SEPARATE BACK CUSHIONS,DEFORMED BY OCCUPANT,LAP AND SHOULDER BELT,LAP AND SHOULDER,NO FAILURE,MID POSITION,16.226139307068767,0,2.2509993409134457,-0.0,2.136604928242286,4.382469636822413,1.8073549220576042,0.22239242133644802,3.6020360140800975,0.016927121558869277,-0.0,1.8073549220576042,16.226139307068767,96.76047120418848,HIGH,seat_type,4.382469636822413,27.008702155744658,FRONT RIGHT SIDE|PASSENGER|SEAT AT MIDDLE TRACK POSITION|NOT COLLECTED/UNKNOWN|SPLIT BENCH WITH SEPARATE BACK CUSHIONS|DEFORMED BY OCCUPANT|LAP AND SHOULDER BELT|LAP AND SHOULDER|NO FAILURE|MID POSITION
